codigo_cid,capitulo_cid
A00,Moléstias Infecciosas
A000,Moléstias Infecciosas
A001,Moléstias Infecciosas
A009,Moléstias Infecciosas
A01,Moléstias Infecciosas
A010,Moléstias Infecciosas
A011,Moléstias Infecciosas
A012,Moléstias Infecciosas
A013,Moléstias Infecciosas
A014,Moléstias Infecciosas
A02,Moléstias Infecciosas
A020,Moléstias Infecciosas
A021,Moléstias Infecciosas
A022,Moléstias Infecciosas
A028,Moléstias Infecciosas
A029,Moléstias Infecciosas
A03,Moléstias Infecciosas
A030,Moléstias Infecciosas
A031,Moléstias Infecciosas
A032,Moléstias Infecciosas
A033,Moléstias Infecciosas
A038,Moléstias Infecciosas
A039,Moléstias Infecciosas
A04,Moléstias Infecciosas
A040,Moléstias Infecciosas
A041,Moléstias Infecciosas
A042,Moléstias Infecciosas
A043,Moléstias Infecciosas
A044,Moléstias Infecciosas
A045,Moléstias Infecciosas
A046,Moléstias Infecciosas
A047,Moléstias Infecciosas
A048,Moléstias Infecciosas
A049,Moléstias Infecciosas
A05,Moléstias Infecciosas
A050,Moléstias Infecciosas
A051,Moléstias Infecciosas
A052,Moléstias Infecciosas
A053,Moléstias Infecciosas
A054,Moléstias Infecciosas
A058,Moléstias Infecciosas
A059,Moléstias Infecciosas
A06,Moléstias Infecciosas
A060,Moléstias Infecciosas
A061,Moléstias Infecciosas
A062,Moléstias Infecciosas
A063,Moléstias Infecciosas
A064,Moléstias Infecciosas
A065,Moléstias Infecciosas
A066,Moléstias Infecciosas
A067,Moléstias Infecciosas
A068,Moléstias Infecciosas
A069,Moléstias Infecciosas
A07,Moléstias Infecciosas
A070,Moléstias Infecciosas
A071,Moléstias Infecciosas
A072,Moléstias Infecciosas
A073,Moléstias Infecciosas
A078,Moléstias Infecciosas
A079,Moléstias Infecciosas
A08,Moléstias Infecciosas
A080,Moléstias Infecciosas
A081,Moléstias Infecciosas
A082,Moléstias Infecciosas
A083,Moléstias Infecciosas
A084,Moléstias Infecciosas
A085,Moléstias Infecciosas
A09,Moléstias Infecciosas
A15,Moléstias Infecciosas
A150,Moléstias Infecciosas
A151,Moléstias Infecciosas
A152,Moléstias Infecciosas
A153,Moléstias Infecciosas
A154,Moléstias Infecciosas
A155,Moléstias Infecciosas
A156,Moléstias Infecciosas
A157,Moléstias Infecciosas
A158,Moléstias Infecciosas
A159,Moléstias Infecciosas
A16,Moléstias Infecciosas
A160,Moléstias Infecciosas
A161,Moléstias Infecciosas
A162,Moléstias Infecciosas
A163,Moléstias Infecciosas
A164,Moléstias Infecciosas
A165,Moléstias Infecciosas
A167,Moléstias Infecciosas
A168,Moléstias Infecciosas
A169,Moléstias Infecciosas
A17,Moléstias Infecciosas
A170,Moléstias Infecciosas
A171,Moléstias Infecciosas
A178,Moléstias Infecciosas
A179,Moléstias Infecciosas
A18,Moléstias Infecciosas
A180,Moléstias Infecciosas
A181,Moléstias Infecciosas
A182,Moléstias Infecciosas
A183,Moléstias Infecciosas
A184,Moléstias Infecciosas
A185,Moléstias Infecciosas
A186,Moléstias Infecciosas
A187,Moléstias Infecciosas
A188,Moléstias Infecciosas
A19,Moléstias Infecciosas
A190,Moléstias Infecciosas
A191,Moléstias Infecciosas
A192,Moléstias Infecciosas
A198,Moléstias Infecciosas
A199,Moléstias Infecciosas
A20,Moléstias Infecciosas
A200,Moléstias Infecciosas
A201,Moléstias Infecciosas
A202,Moléstias Infecciosas
A203,Moléstias Infecciosas
A207,Moléstias Infecciosas
A208,Moléstias Infecciosas
A209,Moléstias Infecciosas
A21,Moléstias Infecciosas
A210,Moléstias Infecciosas
A211,Moléstias Infecciosas
A212,Moléstias Infecciosas
A213,Moléstias Infecciosas
A217,Moléstias Infecciosas
A218,Moléstias Infecciosas
A219,Moléstias Infecciosas
A22,Moléstias Infecciosas
A220,Moléstias Infecciosas
A221,Moléstias Infecciosas
A222,Moléstias Infecciosas
A227,Moléstias Infecciosas
A228,Moléstias Infecciosas
A229,Moléstias Infecciosas
A23,Moléstias Infecciosas
A230,Moléstias Infecciosas
A231,Moléstias Infecciosas
A232,Moléstias Infecciosas
A233,Moléstias Infecciosas
A238,Moléstias Infecciosas
A239,Moléstias Infecciosas
A24,Moléstias Infecciosas
A240,Moléstias Infecciosas
A241,Moléstias Infecciosas
A242,Moléstias Infecciosas
A243,Moléstias Infecciosas
A244,Moléstias Infecciosas
A25,Moléstias Infecciosas
A250,Moléstias Infecciosas
A251,Moléstias Infecciosas
A259,Moléstias Infecciosas
A26,Moléstias Infecciosas
A260,Moléstias Infecciosas
A267,Moléstias Infecciosas
A268,Moléstias Infecciosas
A269,Moléstias Infecciosas
A27,Moléstias Infecciosas
A270,Moléstias Infecciosas
A278,Moléstias Infecciosas
A279,Moléstias Infecciosas
A28,Moléstias Infecciosas
A280,Moléstias Infecciosas
A281,Moléstias Infecciosas
A282,Moléstias Infecciosas
A288,Moléstias Infecciosas
A289,Moléstias Infecciosas
A30,Moléstias Infecciosas
A300,Moléstias Infecciosas
A301,Moléstias Infecciosas
A302,Moléstias Infecciosas
A303,Moléstias Infecciosas
A304,Moléstias Infecciosas
A305,Moléstias Infecciosas
A308,Moléstias Infecciosas
A309,Moléstias Infecciosas
A31,Moléstias Infecciosas
A310,Moléstias Infecciosas
A311,Moléstias Infecciosas
A318,Moléstias Infecciosas
A319,Moléstias Infecciosas
A32,Moléstias Infecciosas
A320,Moléstias Infecciosas
A321,Moléstias Infecciosas
A327,Moléstias Infecciosas
A328,Moléstias Infecciosas
A329,Moléstias Infecciosas
A33,Moléstias Infecciosas
A34,Moléstias Infecciosas
A35,Moléstias Infecciosas
A36,Moléstias Infecciosas
A360,Moléstias Infecciosas
A361,Moléstias Infecciosas
A362,Moléstias Infecciosas
A363,Moléstias Infecciosas
A368,Moléstias Infecciosas
A369,Moléstias Infecciosas
A37,Moléstias Infecciosas
A370,Moléstias Infecciosas
A371,Moléstias Infecciosas
A378,Moléstias Infecciosas
A379,Moléstias Infecciosas
A38,Moléstias Infecciosas
A39,Moléstias Infecciosas
A390,Moléstias Infecciosas
A391,Moléstias Infecciosas
A392,Moléstias Infecciosas
A393,Moléstias Infecciosas
A394,Moléstias Infecciosas
A395,Moléstias Infecciosas
A398,Moléstias Infecciosas
A399,Moléstias Infecciosas
A40,Moléstias Infecciosas
A400,Moléstias Infecciosas
A401,Moléstias Infecciosas
A402,Moléstias Infecciosas
A403,Moléstias Infecciosas
A408,Moléstias Infecciosas
A409,Moléstias Infecciosas
A41,Moléstias Infecciosas
A410,Moléstias Infecciosas
A411,Moléstias Infecciosas
A412,Moléstias Infecciosas
A413,Moléstias Infecciosas
A414,Moléstias Infecciosas
A415,Moléstias Infecciosas
A418,Moléstias Infecciosas
A419,Moléstias Infecciosas
A42,Moléstias Infecciosas
A420,Moléstias Infecciosas
A421,Moléstias Infecciosas
A422,Moléstias Infecciosas
A427,Moléstias Infecciosas
A428,Moléstias Infecciosas
A429,Moléstias Infecciosas
A43,Moléstias Infecciosas
A430,Moléstias Infecciosas
A431,Moléstias Infecciosas
A438,Moléstias Infecciosas
A439,Moléstias Infecciosas
A44,Moléstias Infecciosas
A440,Moléstias Infecciosas
A441,Moléstias Infecciosas
A448,Moléstias Infecciosas
A449,Moléstias Infecciosas
A46,Moléstias Infecciosas
A48,Moléstias Infecciosas
A480,Moléstias Infecciosas
A481,Moléstias Infecciosas
A482,Moléstias Infecciosas
A483,Moléstias Infecciosas
A484,Moléstias Infecciosas
A488,Moléstias Infecciosas
A49,Moléstias Infecciosas
A490,Moléstias Infecciosas
A491,Moléstias Infecciosas
A492,Moléstias Infecciosas
A493,Moléstias Infecciosas
A498,Moléstias Infecciosas
A499,Moléstias Infecciosas
A50,Moléstias Infecciosas
A500,Moléstias Infecciosas
A501,Moléstias Infecciosas
A502,Moléstias Infecciosas
A503,Moléstias Infecciosas
A504,Moléstias Infecciosas
A505,Moléstias Infecciosas
A506,Moléstias Infecciosas
A507,Moléstias Infecciosas
A509,Moléstias Infecciosas
A51,Moléstias Infecciosas
A510,Moléstias Infecciosas
A511,Moléstias Infecciosas
A512,Moléstias Infecciosas
A513,Moléstias Infecciosas
A514,Moléstias Infecciosas
A515,Moléstias Infecciosas
A519,Moléstias Infecciosas
A52,Moléstias Infecciosas
A520,Moléstias Infecciosas
A521,Moléstias Infecciosas
A522,Moléstias Infecciosas
A523,Moléstias Infecciosas
A527,Moléstias Infecciosas
A528,Moléstias Infecciosas
A529,Moléstias Infecciosas
A53,Moléstias Infecciosas
A530,Moléstias Infecciosas
A539,Moléstias Infecciosas
A54,Moléstias Infecciosas
A540,Moléstias Infecciosas
A541,Moléstias Infecciosas
A542,Moléstias Infecciosas
A543,Moléstias Infecciosas
A544,Moléstias Infecciosas
A545,Moléstias Infecciosas
A546,Moléstias Infecciosas
A548,Moléstias Infecciosas
A549,Moléstias Infecciosas
A55,Moléstias Infecciosas
A56,Moléstias Infecciosas
A560,Moléstias Infecciosas
A561,Moléstias Infecciosas
A562,Moléstias Infecciosas
A563,Moléstias Infecciosas
A564,Moléstias Infecciosas
A568,Moléstias Infecciosas
A57,Moléstias Infecciosas
A58,Moléstias Infecciosas
A59,Moléstias Infecciosas
A590,Moléstias Infecciosas
A598,Moléstias Infecciosas
A599,Moléstias Infecciosas
A60,Moléstias Infecciosas
A600,Moléstias Infecciosas
A601,Moléstias Infecciosas
A609,Moléstias Infecciosas
A63,Moléstias Infecciosas
A630,Moléstias Infecciosas
A638,Moléstias Infecciosas
A64,Moléstias Infecciosas
A65,Moléstias Infecciosas
A66,Moléstias Infecciosas
A660,Moléstias Infecciosas
A661,Moléstias Infecciosas
A662,Moléstias Infecciosas
A663,Moléstias Infecciosas
A664,Moléstias Infecciosas
A665,Moléstias Infecciosas
A666,Moléstias Infecciosas
A667,Moléstias Infecciosas
A668,Moléstias Infecciosas
A669,Moléstias Infecciosas
A67,Moléstias Infecciosas
A670,Moléstias Infecciosas
A671,Moléstias Infecciosas
A672,Moléstias Infecciosas
A673,Moléstias Infecciosas
A679,Moléstias Infecciosas
A68,Moléstias Infecciosas
A680,Moléstias Infecciosas
A681,Moléstias Infecciosas
A689,Moléstias Infecciosas
A69,Moléstias Infecciosas
A690,Moléstias Infecciosas
A691,Moléstias Infecciosas
A692,Moléstias Infecciosas
A698,Moléstias Infecciosas
A699,Moléstias Infecciosas
A70,Moléstias Infecciosas
A71,Moléstias Infecciosas
A710,Moléstias Infecciosas
A711,Moléstias Infecciosas
A719,Moléstias Infecciosas
A74,Moléstias Infecciosas
A740,Moléstias Infecciosas
A748,Moléstias Infecciosas
A749,Moléstias Infecciosas
A75,Moléstias Infecciosas
A750,Moléstias Infecciosas
A751,Moléstias Infecciosas
A752,Moléstias Infecciosas
A753,Moléstias Infecciosas
A759,Moléstias Infecciosas
A77,Moléstias Infecciosas
A770,Moléstias Infecciosas
A771,Moléstias Infecciosas
A772,Moléstias Infecciosas
A773,Moléstias Infecciosas
A778,Moléstias Infecciosas
A779,Moléstias Infecciosas
A78,Moléstias Infecciosas
A79,Moléstias Infecciosas
A790,Moléstias Infecciosas
A791,Moléstias Infecciosas
A798,Moléstias Infecciosas
A799,Moléstias Infecciosas
A80,Moléstias Infecciosas
A800,Moléstias Infecciosas
A801,Moléstias Infecciosas
A802,Moléstias Infecciosas
A803,Moléstias Infecciosas
A804,Moléstias Infecciosas
A809,Moléstias Infecciosas
A81,Moléstias Infecciosas
A810,Moléstias Infecciosas
A811,Moléstias Infecciosas
A812,Moléstias Infecciosas
A818,Moléstias Infecciosas
A819,Moléstias Infecciosas
A82,Moléstias Infecciosas
A820,Moléstias Infecciosas
A821,Moléstias Infecciosas
A829,Moléstias Infecciosas
A83,Moléstias Infecciosas
A830,Moléstias Infecciosas
A831,Moléstias Infecciosas
A832,Moléstias Infecciosas
A833,Moléstias Infecciosas
A834,Moléstias Infecciosas
A835,Moléstias Infecciosas
A836,Moléstias Infecciosas
A838,Moléstias Infecciosas
A839,Moléstias Infecciosas
A84,Moléstias Infecciosas
A840,Moléstias Infecciosas
A841,Moléstias Infecciosas
A848,Moléstias Infecciosas
A849,Moléstias Infecciosas
A85,Moléstias Infecciosas
A850,Moléstias Infecciosas
A851,Moléstias Infecciosas
A852,Moléstias Infecciosas
A858,Moléstias Infecciosas
A86,Moléstias Infecciosas
A87,Moléstias Infecciosas
A870,Moléstias Infecciosas
A871,Moléstias Infecciosas
A872,Moléstias Infecciosas
A878,Moléstias Infecciosas
A879,Moléstias Infecciosas
A88,Moléstias Infecciosas
A880,Moléstias Infecciosas
A881,Moléstias Infecciosas
A888,Moléstias Infecciosas
A89,Moléstias Infecciosas
A90,Moléstias Infecciosas
A91,Moléstias Infecciosas
A92,Moléstias Infecciosas
A920,Moléstias Infecciosas
A921,Moléstias Infecciosas
A922,Moléstias Infecciosas
A923,Moléstias Infecciosas
A924,Moléstias Infecciosas
A928,Moléstias Infecciosas
A929,Moléstias Infecciosas
A93,Moléstias Infecciosas
A930,Moléstias Infecciosas
A931,Moléstias Infecciosas
A932,Moléstias Infecciosas
A938,Moléstias Infecciosas
A94,Moléstias Infecciosas
A95,Moléstias Infecciosas
A950,Moléstias Infecciosas
A951,Moléstias Infecciosas
A959,Moléstias Infecciosas
A96,Moléstias Infecciosas
A960,Moléstias Infecciosas
A961,Moléstias Infecciosas
A962,Moléstias Infecciosas
A968,Moléstias Infecciosas
A969,Moléstias Infecciosas
A98,Moléstias Infecciosas
A980,Moléstias Infecciosas
A981,Moléstias Infecciosas
A982,Moléstias Infecciosas
A983,Moléstias Infecciosas
A984,Moléstias Infecciosas
A985,Moléstias Infecciosas
A988,Moléstias Infecciosas
A99,Moléstias Infecciosas
B00,Moléstias Infecciosas
B000,Moléstias Infecciosas
B001,Moléstias Infecciosas
B002,Moléstias Infecciosas
B003,Moléstias Infecciosas
B004,Moléstias Infecciosas
B005,Moléstias Infecciosas
B007,Moléstias Infecciosas
B008,Moléstias Infecciosas
B009,Moléstias Infecciosas
B01,Moléstias Infecciosas
B010,Moléstias Infecciosas
B011,Moléstias Infecciosas
B012,Moléstias Infecciosas
B018,Moléstias Infecciosas
B019,Moléstias Infecciosas
B02,Moléstias Infecciosas
B020,Moléstias Infecciosas
B021,Moléstias Infecciosas
B022,Moléstias Infecciosas
B023,Moléstias Infecciosas
B027,Moléstias Infecciosas
B028,Moléstias Infecciosas
B029,Moléstias Infecciosas
B03,Moléstias Infecciosas
B04,Moléstias Infecciosas
B05,Moléstias Infecciosas
B050,Moléstias Infecciosas
B051,Moléstias Infecciosas
B052,Moléstias Infecciosas
B053,Moléstias Infecciosas
B054,Moléstias Infecciosas
B058,Moléstias Infecciosas
B059,Moléstias Infecciosas
B06,Moléstias Infecciosas
B060,Moléstias Infecciosas
B068,Moléstias Infecciosas
B069,Moléstias Infecciosas
B07,Moléstias Infecciosas
B08,Moléstias Infecciosas
B080,Moléstias Infecciosas
B081,Moléstias Infecciosas
B082,Moléstias Infecciosas
B083,Moléstias Infecciosas
B084,Moléstias Infecciosas
B085,Moléstias Infecciosas
B088,Moléstias Infecciosas
B09,Moléstias Infecciosas
B15,Moléstias Infecciosas
B150,Moléstias Infecciosas
B159,Moléstias Infecciosas
B16,Moléstias Infecciosas
B160,Moléstias Infecciosas
B161,Moléstias Infecciosas
B162,Moléstias Infecciosas
B169,Moléstias Infecciosas
B17,Moléstias Infecciosas
B170,Moléstias Infecciosas
B171,Moléstias Infecciosas
B172,Moléstias Infecciosas
B178,Moléstias Infecciosas
B18,Moléstias Infecciosas
B180,Moléstias Infecciosas
B181,Moléstias Infecciosas
B182,Moléstias Infecciosas
B188,Moléstias Infecciosas
B189,Moléstias Infecciosas
B19,Moléstias Infecciosas
B190,Moléstias Infecciosas
B199,Moléstias Infecciosas
B20,Moléstias Infecciosas
B200,Moléstias Infecciosas
B201,Moléstias Infecciosas
B202,Moléstias Infecciosas
B203,Moléstias Infecciosas
B204,Moléstias Infecciosas
B205,Moléstias Infecciosas
B206,Moléstias Infecciosas
B207,Moléstias Infecciosas
B208,Moléstias Infecciosas
B209,Moléstias Infecciosas
B21,Moléstias Infecciosas
B210,Moléstias Infecciosas
B211,Moléstias Infecciosas
B212,Moléstias Infecciosas
B213,Moléstias Infecciosas
B217,Moléstias Infecciosas
B218,Moléstias Infecciosas
B219,Moléstias Infecciosas
B22,Moléstias Infecciosas
B220,Moléstias Infecciosas
B221,Moléstias Infecciosas
B222,Moléstias Infecciosas
B227,Moléstias Infecciosas
B23,Moléstias Infecciosas
B230,Moléstias Infecciosas
B231,Moléstias Infecciosas
B232,Moléstias Infecciosas
B238,Moléstias Infecciosas
B24,Moléstias Infecciosas
B25,Moléstias Infecciosas
B250,Moléstias Infecciosas
B251,Moléstias Infecciosas
B252,Moléstias Infecciosas
B258,Moléstias Infecciosas
B259,Moléstias Infecciosas
B26,Moléstias Infecciosas
B260,Moléstias Infecciosas
B261,Moléstias Infecciosas
B262,Moléstias Infecciosas
B263,Moléstias Infecciosas
B268,Moléstias Infecciosas
B269,Moléstias Infecciosas
B27,Moléstias Infecciosas
B270,Moléstias Infecciosas
B271,Moléstias Infecciosas
B278,Moléstias Infecciosas
B279,Moléstias Infecciosas
B30,Moléstias Infecciosas
B300,Moléstias Infecciosas
B301,Moléstias Infecciosas
B302,Moléstias Infecciosas
B303,Moléstias Infecciosas
B308,Moléstias Infecciosas
B309,Moléstias Infecciosas
B33,Moléstias Infecciosas
B330,Moléstias Infecciosas
B331,Moléstias Infecciosas
B332,Moléstias Infecciosas
B333,Moléstias Infecciosas
B334,Moléstias Infecciosas
B338,Moléstias Infecciosas
B34,Moléstias Infecciosas
B340,Moléstias Infecciosas
B341,Moléstias Infecciosas
B342,Moléstias Infecciosas
B343,Moléstias Infecciosas
B344,Moléstias Infecciosas
B348,Moléstias Infecciosas
B349,Moléstias Infecciosas
B35,Moléstias Infecciosas
B350,Moléstias Infecciosas
B351,Moléstias Infecciosas
B352,Moléstias Infecciosas
B353,Moléstias Infecciosas
B354,Moléstias Infecciosas
B355,Moléstias Infecciosas
B356,Moléstias Infecciosas
B358,Moléstias Infecciosas
B359,Moléstias Infecciosas
B36,Moléstias Infecciosas
B360,Moléstias Infecciosas
B361,Moléstias Infecciosas
B362,Moléstias Infecciosas
B363,Moléstias Infecciosas
B368,Moléstias Infecciosas
B369,Moléstias Infecciosas
B37,Moléstias Infecciosas
B370,Moléstias Infecciosas
B371,Moléstias Infecciosas
B372,Moléstias Infecciosas
B373,Moléstias Infecciosas
B374,Moléstias Infecciosas
B375,Moléstias Infecciosas
B376,Moléstias Infecciosas
B377,Moléstias Infecciosas
B378,Moléstias Infecciosas
B379,Moléstias Infecciosas
B38,Moléstias Infecciosas
B380,Moléstias Infecciosas
B381,Moléstias Infecciosas
B382,Moléstias Infecciosas
B383,Moléstias Infecciosas
B384,Moléstias Infecciosas
B387,Moléstias Infecciosas
B388,Moléstias Infecciosas
B389,Moléstias Infecciosas
B39,Moléstias Infecciosas
B390,Moléstias Infecciosas
B391,Moléstias Infecciosas
B392,Moléstias Infecciosas
B393,Moléstias Infecciosas
B394,Moléstias Infecciosas
B395,Moléstias Infecciosas
B399,Moléstias Infecciosas
B40,Moléstias Infecciosas
B400,Moléstias Infecciosas
B401,Moléstias Infecciosas
B402,Moléstias Infecciosas
B403,Moléstias Infecciosas
B407,Moléstias Infecciosas
B408,Moléstias Infecciosas
B409,Moléstias Infecciosas
B41,Moléstias Infecciosas
B410,Moléstias Infecciosas
B417,Moléstias Infecciosas
B418,Moléstias Infecciosas
B419,Moléstias Infecciosas
B42,Moléstias Infecciosas
B420,Moléstias Infecciosas
B421,Moléstias Infecciosas
B427,Moléstias Infecciosas
B428,Moléstias Infecciosas
B429,Moléstias Infecciosas
B43,Moléstias Infecciosas
B430,Moléstias Infecciosas
B431,Moléstias Infecciosas
B432,Moléstias Infecciosas
B438,Moléstias Infecciosas
B439,Moléstias Infecciosas
B44,Moléstias Infecciosas
B440,Moléstias Infecciosas
B441,Moléstias Infecciosas
B442,Moléstias Infecciosas
B447,Moléstias Infecciosas
B448,Moléstias Infecciosas
B449,Moléstias Infecciosas
B45,Moléstias Infecciosas
B450,Moléstias Infecciosas
B451,Moléstias Infecciosas
B452,Moléstias Infecciosas
B453,Moléstias Infecciosas
B457,Moléstias Infecciosas
B458,Moléstias Infecciosas
B459,Moléstias Infecciosas
B46,Moléstias Infecciosas
B460,Moléstias Infecciosas
B461,Moléstias Infecciosas
B462,Moléstias Infecciosas
B463,Moléstias Infecciosas
B464,Moléstias Infecciosas
B465,Moléstias Infecciosas
B468,Moléstias Infecciosas
B469,Moléstias Infecciosas
B47,Moléstias Infecciosas
B470,Moléstias Infecciosas
B471,Moléstias Infecciosas
B479,Moléstias Infecciosas
B48,Moléstias Infecciosas
B480,Moléstias Infecciosas
B481,Moléstias Infecciosas
B482,Moléstias Infecciosas
B483,Moléstias Infecciosas
B484,Moléstias Infecciosas
B487,Moléstias Infecciosas
B488,Moléstias Infecciosas
B49,Moléstias Infecciosas
B50,Moléstias Infecciosas
B500,Moléstias Infecciosas
B508,Moléstias Infecciosas
B509,Moléstias Infecciosas
B51,Moléstias Infecciosas
B510,Moléstias Infecciosas
B518,Moléstias Infecciosas
B519,Moléstias Infecciosas
B52,Moléstias Infecciosas
B520,Moléstias Infecciosas
B528,Moléstias Infecciosas
B529,Moléstias Infecciosas
B53,Moléstias Infecciosas
B530,Moléstias Infecciosas
B531,Moléstias Infecciosas
B538,Moléstias Infecciosas
B54,Moléstias Infecciosas
B55,Moléstias Infecciosas
B550,Moléstias Infecciosas
B551,Moléstias Infecciosas
B552,Moléstias Infecciosas
B559,Moléstias Infecciosas
B56,Moléstias Infecciosas
B560,Moléstias Infecciosas
B561,Moléstias Infecciosas
B569,Moléstias Infecciosas
B57,Moléstias Infecciosas
B570,Moléstias Infecciosas
B571,Moléstias Infecciosas
B572,Moléstias Infecciosas
B573,Moléstias Infecciosas
B574,Moléstias Infecciosas
B575,Moléstias Infecciosas
B58,Moléstias Infecciosas
B580,Moléstias Infecciosas
B581,Moléstias Infecciosas
B582,Moléstias Infecciosas
B583,Moléstias Infecciosas
B588,Moléstias Infecciosas
B589,Moléstias Infecciosas
B59,Moléstias Infecciosas
B60,Moléstias Infecciosas
B600,Moléstias Infecciosas
B601,Moléstias Infecciosas
B602,Moléstias Infecciosas
B608,Moléstias Infecciosas
B64,Moléstias Infecciosas
B65,Moléstias Infecciosas
B650,Moléstias Infecciosas
B651,Moléstias Infecciosas
B652,Moléstias Infecciosas
B653,Moléstias Infecciosas
B658,Moléstias Infecciosas
B659,Moléstias Infecciosas
B66,Moléstias Infecciosas
B660,Moléstias Infecciosas
B661,Moléstias Infecciosas
B662,Moléstias Infecciosas
B663,Moléstias Infecciosas
B664,Moléstias Infecciosas
B665,Moléstias Infecciosas
B668,Moléstias Infecciosas
B669,Moléstias Infecciosas
B67,Moléstias Infecciosas
B670,Moléstias Infecciosas
B671,Moléstias Infecciosas
B672,Moléstias Infecciosas
B673,Moléstias Infecciosas
B674,Moléstias Infecciosas
B675,Moléstias Infecciosas
B676,Moléstias Infecciosas
B677,Moléstias Infecciosas
B678,Moléstias Infecciosas
B679,Moléstias Infecciosas
B68,Moléstias Infecciosas
B680,Moléstias Infecciosas
B681,Moléstias Infecciosas
B689,Moléstias Infecciosas
B69,Moléstias Infecciosas
B690,Moléstias Infecciosas
B691,Moléstias Infecciosas
B698,Moléstias Infecciosas
B699,Moléstias Infecciosas
B70,Moléstias Infecciosas
B700,Moléstias Infecciosas
B701,Moléstias Infecciosas
B71,Moléstias Infecciosas
B710,Moléstias Infecciosas
B711,Moléstias Infecciosas
B718,Moléstias Infecciosas
B719,Moléstias Infecciosas
B72,Moléstias Infecciosas
B73,Moléstias Infecciosas
B74,Moléstias Infecciosas
B740,Moléstias Infecciosas
B741,Moléstias Infecciosas
B742,Moléstias Infecciosas
B743,Moléstias Infecciosas
B744,Moléstias Infecciosas
B748,Moléstias Infecciosas
B749,Moléstias Infecciosas
B75,Moléstias Infecciosas
B76,Moléstias Infecciosas
B760,Moléstias Infecciosas
B761,Moléstias Infecciosas
B768,Moléstias Infecciosas
B769,Moléstias Infecciosas
B77,Moléstias Infecciosas
B770,Moléstias Infecciosas
B778,Moléstias Infecciosas
B779,Moléstias Infecciosas
B78,Moléstias Infecciosas
B780,Moléstias Infecciosas
B781,Moléstias Infecciosas
B787,Moléstias Infecciosas
B789,Moléstias Infecciosas
B79,Moléstias Infecciosas
B80,Moléstias Infecciosas
B81,Moléstias Infecciosas
B810,Moléstias Infecciosas
B811,Moléstias Infecciosas
B812,Moléstias Infecciosas
B813,Moléstias Infecciosas
B814,Moléstias Infecciosas
B818,Moléstias Infecciosas
B82,Moléstias Infecciosas
B820,Moléstias Infecciosas
B829,Moléstias Infecciosas
B83,Moléstias Infecciosas
B830,Moléstias Infecciosas
B831,Moléstias Infecciosas
B832,Moléstias Infecciosas
B833,Moléstias Infecciosas
B834,Moléstias Infecciosas
B838,Moléstias Infecciosas
B839,Moléstias Infecciosas
B85,Moléstias Infecciosas
B850,Moléstias Infecciosas
B851,Moléstias Infecciosas
B852,Moléstias Infecciosas
B853,Moléstias Infecciosas
B854,Moléstias Infecciosas
B86,Moléstias Infecciosas
B87,Moléstias Infecciosas
B870,Moléstias Infecciosas
B871,Moléstias Infecciosas
B872,Moléstias Infecciosas
B873,Moléstias Infecciosas
B874,Moléstias Infecciosas
B878,Moléstias Infecciosas
B879,Moléstias Infecciosas
B88,Moléstias Infecciosas
B880,Moléstias Infecciosas
B881,Moléstias Infecciosas
B882,Moléstias Infecciosas
B883,Moléstias Infecciosas
B888,Moléstias Infecciosas
B889,Moléstias Infecciosas
B89,Moléstias Infecciosas
B90,Moléstias Infecciosas
B900,Moléstias Infecciosas
B901,Moléstias Infecciosas
B902,Moléstias Infecciosas
B908,Moléstias Infecciosas
B909,Moléstias Infecciosas
B91,Moléstias Infecciosas
B92,Moléstias Infecciosas
B94,Moléstias Infecciosas
B940,Moléstias Infecciosas
B941,Moléstias Infecciosas
B942,Moléstias Infecciosas
B948,Moléstias Infecciosas
B949,Moléstias Infecciosas
B95,Moléstias Infecciosas
B950,Moléstias Infecciosas
B951,Moléstias Infecciosas
B952,Moléstias Infecciosas
B953,Moléstias Infecciosas
B954,Moléstias Infecciosas
B955,Moléstias Infecciosas
B956,Moléstias Infecciosas
B957,Moléstias Infecciosas
B958,Moléstias Infecciosas
B96,Moléstias Infecciosas
B960,Moléstias Infecciosas
B961,Moléstias Infecciosas
B962,Moléstias Infecciosas
B963,Moléstias Infecciosas
B964,Moléstias Infecciosas
B965,Moléstias Infecciosas
B966,Moléstias Infecciosas
B967,Moléstias Infecciosas
B968,Moléstias Infecciosas
B97,Moléstias Infecciosas
B970,Moléstias Infecciosas
B971,Moléstias Infecciosas
B972,Moléstias Infecciosas
B973,Moléstias Infecciosas
B974,Moléstias Infecciosas
B975,Moléstias Infecciosas
B976,Moléstias Infecciosas
B977,Moléstias Infecciosas
B978,Moléstias Infecciosas
B99,Moléstias Infecciosas
C00,Neoplasias
C000,Neoplasias
C001,Neoplasias
C002,Neoplasias
C003,Neoplasias
C004,Neoplasias
C005,Neoplasias
C006,Neoplasias
C008,Neoplasias
C009,Neoplasias
C01,Neoplasias
C02,Neoplasias
C020,Neoplasias
C021,Neoplasias
C022,Neoplasias
C023,Neoplasias
C024,Neoplasias
C028,Neoplasias
C029,Neoplasias
C03,Neoplasias
C030,Neoplasias
C031,Neoplasias
C039,Neoplasias
C04,Neoplasias
C040,Neoplasias
C041,Neoplasias
C048,Neoplasias
C049,Neoplasias
C05,Neoplasias
C050,Neoplasias
C051,Neoplasias
C052,Neoplasias
C058,Neoplasias
C059,Neoplasias
C06,Neoplasias
C060,Neoplasias
C061,Neoplasias
C062,Neoplasias
C068,Neoplasias
C069,Neoplasias
C07,Neoplasias
C08,Neoplasias
C080,Neoplasias
C081,Neoplasias
C088,Neoplasias
C089,Neoplasias
C09,Neoplasias
C090,Neoplasias
C091,Neoplasias
C098,Neoplasias
C099,Neoplasias
C10,Neoplasias
C100,Neoplasias
C101,Neoplasias
C102,Neoplasias
C103,Neoplasias
C104,Neoplasias
C108,Neoplasias
C109,Neoplasias
C11,Neoplasias
C110,Neoplasias
C111,Neoplasias
C112,Neoplasias
C113,Neoplasias
C118,Neoplasias
C119,Neoplasias
C12,Neoplasias
C13,Neoplasias
C130,Neoplasias
C131,Neoplasias
C132,Neoplasias
C138,Neoplasias
C139,Neoplasias
C14,Neoplasias
C140,Neoplasias
C142,Neoplasias
C148,Neoplasias
C15,Neoplasias
C150,Neoplasias
C151,Neoplasias
C152,Neoplasias
C153,Neoplasias
C154,Neoplasias
C155,Neoplasias
C158,Neoplasias
C159,Neoplasias
C16,Neoplasias
C160,Neoplasias
C161,Neoplasias
C162,Neoplasias
C163,Neoplasias
C164,Neoplasias
C165,Neoplasias
C166,Neoplasias
C168,Neoplasias
C169,Neoplasias
C17,Neoplasias
C170,Neoplasias
C171,Neoplasias
C172,Neoplasias
C173,Neoplasias
C178,Neoplasias
C179,Neoplasias
C18,Neoplasias
C180,Neoplasias
C181,Neoplasias
C182,Neoplasias
C183,Neoplasias
C184,Neoplasias
C185,Neoplasias
C186,Neoplasias
C187,Neoplasias
C188,Neoplasias
C189,Neoplasias
C19,Neoplasias
C20,Neoplasias
C21,Neoplasias
C210,Neoplasias
C211,Neoplasias
C212,Neoplasias
C218,Neoplasias
C22,Neoplasias
C220,Neoplasias
C221,Neoplasias
C222,Neoplasias
C223,Neoplasias
C224,Neoplasias
C227,Neoplasias
C229,Neoplasias
C23,Neoplasias
C24,Neoplasias
C240,Neoplasias
C241,Neoplasias
C248,Neoplasias
C249,Neoplasias
C25,Neoplasias
C250,Neoplasias
C251,Neoplasias
C252,Neoplasias
C253,Neoplasias
C254,Neoplasias
C257,Neoplasias
C258,Neoplasias
C259,Neoplasias
C26,Neoplasias
C260,Neoplasias
C261,Neoplasias
C268,Neoplasias
C269,Neoplasias
C30,Neoplasias
C300,Neoplasias
C301,Neoplasias
C31,Neoplasias
C310,Neoplasias
C311,Neoplasias
C312,Neoplasias
C313,Neoplasias
C318,Neoplasias
C319,Neoplasias
C32,Neoplasias
C320,Neoplasias
C321,Neoplasias
C322,Neoplasias
C323,Neoplasias
C328,Neoplasias
C329,Neoplasias
C33,Neoplasias
C34,Neoplasias
C340,Neoplasias
C341,Neoplasias
C342,Neoplasias
C343,Neoplasias
C348,Neoplasias
C349,Neoplasias
C37,Neoplasias
C38,Neoplasias
C380,Neoplasias
C381,Neoplasias
C382,Neoplasias
C383,Neoplasias
C384,Neoplasias
C388,Neoplasias
C39,Neoplasias
C390,Neoplasias
C398,Neoplasias
C399,Neoplasias
C40,Neoplasias
C400,Neoplasias
C401,Neoplasias
C402,Neoplasias
C403,Neoplasias
C408,Neoplasias
C409,Neoplasias
C41,Neoplasias
C410,Neoplasias
C411,Neoplasias
C412,Neoplasias
C413,Neoplasias
C414,Neoplasias
C418,Neoplasias
C419,Neoplasias
C43,Neoplasias
C430,Neoplasias
C431,Neoplasias
C432,Neoplasias
C433,Neoplasias
C434,Neoplasias
C435,Neoplasias
C436,Neoplasias
C437,Neoplasias
C438,Neoplasias
C439,Neoplasias
C44,Neoplasias
C440,Neoplasias
C441,Neoplasias
C442,Neoplasias
C443,Neoplasias
C444,Neoplasias
C445,Neoplasias
C446,Neoplasias
C447,Neoplasias
C448,Neoplasias
C449,Neoplasias
C45,Neoplasias
C450,Neoplasias
C451,Neoplasias
C452,Neoplasias
C457,Neoplasias
C459,Neoplasias
C46,Neoplasias
C460,Neoplasias
C461,Neoplasias
C462,Neoplasias
C463,Neoplasias
C467,Neoplasias
C468,Neoplasias
C469,Neoplasias
C47,Neoplasias
C470,Neoplasias
C471,Neoplasias
C472,Neoplasias
C473,Neoplasias
C474,Neoplasias
C475,Neoplasias
C476,Neoplasias
C478,Neoplasias
C479,Neoplasias
C48,Neoplasias
C480,Neoplasias
C481,Neoplasias
C482,Neoplasias
C488,Neoplasias
C49,Neoplasias
C490,Neoplasias
C491,Neoplasias
C492,Neoplasias
C493,Neoplasias
C494,Neoplasias
C495,Neoplasias
C496,Neoplasias
C498,Neoplasias
C499,Neoplasias
C50,Neoplasias
C500,Neoplasias
C501,Neoplasias
C502,Neoplasias
C503,Neoplasias
C504,Neoplasias
C505,Neoplasias
C506,Neoplasias
C508,Neoplasias
C509,Neoplasias
C51,Neoplasias
C510,Neoplasias
C511,Neoplasias
C512,Neoplasias
C518,Neoplasias
C519,Neoplasias
C52,Neoplasias
C53,Neoplasias
C530,Neoplasias
C531,Neoplasias
C538,Neoplasias
C539,Neoplasias
C54,Neoplasias
C540,Neoplasias
C541,Neoplasias
C542,Neoplasias
C543,Neoplasias
C548,Neoplasias
C549,Neoplasias
C55,Neoplasias
C56,Neoplasias
C57,Neoplasias
C570,Neoplasias
C571,Neoplasias
C572,Neoplasias
C573,Neoplasias
C574,Neoplasias
C577,Neoplasias
C578,Neoplasias
C579,Neoplasias
C58,Neoplasias
C60,Neoplasias
C600,Neoplasias
C601,Neoplasias
C602,Neoplasias
C608,Neoplasias
C609,Neoplasias
C61,Neoplasias
C62,Neoplasias
C620,Neoplasias
C621,Neoplasias
C629,Neoplasias
C63,Neoplasias
C630,Neoplasias
C631,Neoplasias
C632,Neoplasias
C637,Neoplasias
C638,Neoplasias
C639,Neoplasias
C64,Neoplasias
C65,Neoplasias
C66,Neoplasias
C67,Neoplasias
C670,Neoplasias
C671,Neoplasias
C672,Neoplasias
C673,Neoplasias
C674,Neoplasias
C675,Neoplasias
C676,Neoplasias
C677,Neoplasias
C678,Neoplasias
C679,Neoplasias
C68,Neoplasias
C680,Neoplasias
C681,Neoplasias
C688,Neoplasias
C689,Neoplasias
C69,Neoplasias
C690,Neoplasias
C691,Neoplasias
C692,Neoplasias
C693,Neoplasias
C694,Neoplasias
C695,Neoplasias
C696,Neoplasias
C698,Neoplasias
C699,Neoplasias
C70,Neoplasias
C700,Neoplasias
C701,Neoplasias
C709,Neoplasias
C71,Neoplasias
C710,Neoplasias
C711,Neoplasias
C712,Neoplasias
C713,Neoplasias
C714,Neoplasias
C715,Neoplasias
C716,Neoplasias
C717,Neoplasias
C718,Neoplasias
C719,Neoplasias
C72,Neoplasias
C720,Neoplasias
C721,Neoplasias
C722,Neoplasias
C723,Neoplasias
C724,Neoplasias
C725,Neoplasias
C728,Neoplasias
C729,Neoplasias
C73,Neoplasias
C74,Neoplasias
C740,Neoplasias
C741,Neoplasias
C749,Neoplasias
C75,Neoplasias
C750,Neoplasias
C751,Neoplasias
C752,Neoplasias
C753,Neoplasias
C754,Neoplasias
C755,Neoplasias
C758,Neoplasias
C759,Neoplasias
C76,Neoplasias
C760,Neoplasias
C761,Neoplasias
C762,Neoplasias
C763,Neoplasias
C764,Neoplasias
C765,Neoplasias
C767,Neoplasias
C768,Neoplasias
C77,Neoplasias
C770,Neoplasias
C771,Neoplasias
C772,Neoplasias
C773,Neoplasias
C774,Neoplasias
C775,Neoplasias
C778,Neoplasias
C779,Neoplasias
C78,Neoplasias
C780,Neoplasias
C781,Neoplasias
C782,Neoplasias
C783,Neoplasias
C784,Neoplasias
C785,Neoplasias
C786,Neoplasias
C787,Neoplasias
C788,Neoplasias
C79,Neoplasias
C790,Neoplasias
C791,Neoplasias
C792,Neoplasias
C793,Neoplasias
C794,Neoplasias
C795,Neoplasias
C796,Neoplasias
C797,Neoplasias
C798,Neoplasias
C80,Neoplasias
C81,Neoplasias
C810,Neoplasias
C811,Neoplasias
C812,Neoplasias
C813,Neoplasias
C817,Neoplasias
C819,Neoplasias
C82,Neoplasias
C820,Neoplasias
C821,Neoplasias
C822,Neoplasias
C827,Neoplasias
C829,Neoplasias
C83,Neoplasias
C830,Neoplasias
C831,Neoplasias
C832,Neoplasias
C833,Neoplasias
C834,Neoplasias
C835,Neoplasias
C836,Neoplasias
C837,Neoplasias
C838,Neoplasias
C839,Neoplasias
C84,Neoplasias
C840,Neoplasias
C841,Neoplasias
C842,Neoplasias
C843,Neoplasias
C844,Neoplasias
C845,Neoplasias
C85,Neoplasias
C850,Neoplasias
C851,Neoplasias
C857,Neoplasias
C859,Neoplasias
C88,Neoplasias
C880,Neoplasias
C881,Neoplasias
C882,Neoplasias
C883,Neoplasias
C887,Neoplasias
C889,Neoplasias
C90,Neoplasias
C900,Neoplasias
C901,Neoplasias
C902,Neoplasias
C91,Neoplasias
C910,Neoplasias
C911,Neoplasias
C912,Neoplasias
C913,Neoplasias
C914,Neoplasias
C915,Neoplasias
C917,Neoplasias
C919,Neoplasias
C92,Neoplasias
C920,Neoplasias
C921,Neoplasias
C922,Neoplasias
C923,Neoplasias
C924,Neoplasias
C925,Neoplasias
C927,Neoplasias
C929,Neoplasias
C93,Neoplasias
C930,Neoplasias
C931,Neoplasias
C932,Neoplasias
C937,Neoplasias
C939,Neoplasias
C94,Neoplasias
C940,Neoplasias
C941,Neoplasias
C942,Neoplasias
C943,Neoplasias
C944,Neoplasias
C945,Neoplasias
C947,Neoplasias
C95,Neoplasias
C950,Neoplasias
C951,Neoplasias
C952,Neoplasias
C957,Neoplasias
C959,Neoplasias
C96,Neoplasias
C960,Neoplasias
C961,Neoplasias
C962,Neoplasias
C963,Neoplasias
C967,Neoplasias
C969,Neoplasias
C97,Neoplasias
D00,Neoplasias
D000,Neoplasias
D001,Neoplasias
D002,Neoplasias
D01,Neoplasias
D010,Neoplasias
D011,Neoplasias
D012,Neoplasias
D013,Neoplasias
D014,Neoplasias
D015,Neoplasias
D017,Neoplasias
D019,Neoplasias
D02,Neoplasias
D020,Neoplasias
D021,Neoplasias
D022,Neoplasias
D023,Neoplasias
D029,Neoplasias
D03,Neoplasias
D030,Neoplasias
D031,Neoplasias
D032,Neoplasias
D033,Neoplasias
D034,Neoplasias
D035,Neoplasias
D036,Neoplasias
D037,Neoplasias
D038,Neoplasias
D039,Neoplasias
D04,Neoplasias
D040,Neoplasias
D041,Neoplasias
D042,Neoplasias
D043,Neoplasias
D044,Neoplasias
D045,Neoplasias
D046,Neoplasias
D047,Neoplasias
D048,Neoplasias
D049,Neoplasias
D05,Neoplasias
D050,Neoplasias
D051,Neoplasias
D057,Neoplasias
D059,Neoplasias
D06,Neoplasias
D060,Neoplasias
D061,Neoplasias
D067,Neoplasias
D069,Neoplasias
D07,Neoplasias
D070,Neoplasias
D071,Neoplasias
D072,Neoplasias
D073,Neoplasias
D074,Neoplasias
D075,Neoplasias
D076,Neoplasias
D09,Neoplasias
D090,Neoplasias
D091,Neoplasias
D092,Neoplasias
D093,Neoplasias
D097,Neoplasias
D099,Neoplasias
D10,Neoplasias
D100,Neoplasias
D101,Neoplasias
D102,Neoplasias
D103,Neoplasias
D104,Neoplasias
D105,Neoplasias
D106,Neoplasias
D107,Neoplasias
D109,Neoplasias
D11,Neoplasias
D110,Neoplasias
D117,Neoplasias
D119,Neoplasias
D12,Neoplasias
D120,Neoplasias
D121,Neoplasias
D122,Neoplasias
D123,Neoplasias
D124,Neoplasias
D125,Neoplasias
D126,Neoplasias
D127,Neoplasias
D128,Neoplasias
D129,Neoplasias
D13,Neoplasias
D130,Neoplasias
D131,Neoplasias
D132,Neoplasias
D133,Neoplasias
D134,Neoplasias
D135,Neoplasias
D136,Neoplasias
D137,Neoplasias
D139,Neoplasias
D14,Neoplasias
D140,Neoplasias
D141,Neoplasias
D142,Neoplasias
D143,Neoplasias
D144,Neoplasias
D15,Neoplasias
D150,Neoplasias
D151,Neoplasias
D152,Neoplasias
D157,Neoplasias
D159,Neoplasias
D16,Neoplasias
D160,Neoplasias
D161,Neoplasias
D162,Neoplasias
D163,Neoplasias
D164,Neoplasias
D165,Neoplasias
D166,Neoplasias
D167,Neoplasias
D168,Neoplasias
D169,Neoplasias
D17,Neoplasias
D170,Neoplasias
D171,Neoplasias
D172,Neoplasias
D173,Neoplasias
D174,Neoplasias
D175,Neoplasias
D176,Neoplasias
D177,Neoplasias
D179,Neoplasias
D18,Neoplasias
D180,Neoplasias
D181,Neoplasias
D19,Neoplasias
D190,Neoplasias
D191,Neoplasias
D197,Neoplasias
D199,Neoplasias
D20,Neoplasias
D200,Neoplasias
D201,Neoplasias
D21,Neoplasias
D210,Neoplasias
D211,Neoplasias
D212,Neoplasias
D213,Neoplasias
D214,Neoplasias
D215,Neoplasias
D216,Neoplasias
D219,Neoplasias
D22,Neoplasias
D220,Neoplasias
D221,Neoplasias
D222,Neoplasias
D223,Neoplasias
D224,Neoplasias
D225,Neoplasias
D226,Neoplasias
D227,Neoplasias
D229,Neoplasias
D23,Neoplasias
D230,Neoplasias
D231,Neoplasias
D232,Neoplasias
D233,Neoplasias
D234,Neoplasias
D235,Neoplasias
D236,Neoplasias
D237,Neoplasias
D239,Neoplasias
D24,Neoplasias
D25,Neoplasias
D250,Neoplasias
D251,Neoplasias
D252,Neoplasias
D259,Neoplasias
D26,Neoplasias
D260,Neoplasias
D261,Neoplasias
D267,Neoplasias
D269,Neoplasias
D27,Neoplasias
D28,Neoplasias
D280,Neoplasias
D281,Neoplasias
D282,Neoplasias
D287,Neoplasias
D289,Neoplasias
D29,Neoplasias
D290,Neoplasias
D291,Neoplasias
D292,Neoplasias
D293,Neoplasias
D294,Neoplasias
D297,Neoplasias
D299,Neoplasias
D30,Neoplasias
D300,Neoplasias
D301,Neoplasias
D302,Neoplasias
D303,Neoplasias
D304,Neoplasias
D307,Neoplasias
D309,Neoplasias
D31,Neoplasias
D310,Neoplasias
D311,Neoplasias
D312,Neoplasias
D313,Neoplasias
D314,Neoplasias
D315,Neoplasias
D316,Neoplasias
D319,Neoplasias
D32,Neoplasias
D320,Neoplasias
D321,Neoplasias
D329,Neoplasias
D33,Neoplasias
D330,Neoplasias
D331,Neoplasias
D332,Neoplasias
D333,Neoplasias
D334,Neoplasias
D337,Neoplasias
D339,Neoplasias
D34,Neoplasias
D35,Neoplasias
D350,Neoplasias
D351,Neoplasias
D352,Neoplasias
D353,Neoplasias
D354,Neoplasias
D355,Neoplasias
D356,Neoplasias
D357,Neoplasias
D358,Neoplasias
D359,Neoplasias
D36,Neoplasias
D360,Neoplasias
D361,Neoplasias
D367,Neoplasias
D369,Neoplasias
D37,Neoplasias
D370,Neoplasias
D371,Neoplasias
D372,Neoplasias
D373,Neoplasias
D374,Neoplasias
D375,Neoplasias
D376,Neoplasias
D377,Neoplasias
D379,Neoplasias
D38,Neoplasias
D380,Neoplasias
D381,Neoplasias
D382,Neoplasias
D383,Neoplasias
D384,Neoplasias
D385,Neoplasias
D386,Neoplasias
D39,Neoplasias
D390,Neoplasias
D391,Neoplasias
D392,Neoplasias
D397,Neoplasias
D399,Neoplasias
D40,Neoplasias
D400,Neoplasias
D401,Neoplasias
D407,Neoplasias
D409,Neoplasias
D41,Neoplasias
D410,Neoplasias
D411,Neoplasias
D412,Neoplasias
D413,Neoplasias
D414,Neoplasias
D417,Neoplasias
D419,Neoplasias
D42,Neoplasias
D420,Neoplasias
D421,Neoplasias
D429,Neoplasias
D43,Neoplasias
D430,Neoplasias
D431,Neoplasias
D432,Neoplasias
D433,Neoplasias
D434,Neoplasias
D437,Neoplasias
D439,Neoplasias
D44,Neoplasias
D440,Neoplasias
D441,Neoplasias
D442,Neoplasias
D443,Neoplasias
D444,Neoplasias
D445,Neoplasias
D446,Neoplasias
D447,Neoplasias
D448,Neoplasias
D449,Neoplasias
D45,Neoplasias
D46,Neoplasias
D460,Neoplasias
D461,Neoplasias
D462,Neoplasias
D463,Neoplasias
D464,Neoplasias
D467,Neoplasias
D469,Neoplasias
D47,Neoplasias
D470,Neoplasias
D471,Neoplasias
D472,Neoplasias
D473,Neoplasias
D477,Neoplasias
D479,Neoplasias
D48,Neoplasias
D480,Neoplasias
D481,Neoplasias
D482,Neoplasias
D483,Neoplasias
D484,Neoplasias
D485,Neoplasias
D486,Neoplasias
D487,Neoplasias
D489,Neoplasias
D50,Sangue
D500,Sangue
D501,Sangue
D508,Sangue
D509,Sangue
D51,Sangue
D510,Sangue
D511,Sangue
D512,Sangue
D513,Sangue
D518,Sangue
D519,Sangue
D52,Sangue
D520,Sangue
D521,Sangue
D528,Sangue
D529,Sangue
D53,Sangue
D530,Sangue
D531,Sangue
D532,Sangue
D538,Sangue
D539,Sangue
D55,Sangue
D550,Sangue
D551,Sangue
D552,Sangue
D553,Sangue
D558,Sangue
D559,Sangue
D56,Sangue
D560,Sangue
D561,Sangue
D562,Sangue
D563,Sangue
D564,Sangue
D568,Sangue
D569,Sangue
D57,Sangue
D570,Sangue
D571,Sangue
D572,Sangue
D573,Sangue
D578,Sangue
D58,Sangue
D580,Sangue
D581,Sangue
D582,Sangue
D588,Sangue
D589,Sangue
D59,Sangue
D590,Sangue
D591,Sangue
D592,Sangue
D593,Sangue
D594,Sangue
D595,Sangue
D596,Sangue
D598,Sangue
D599,Sangue
D60,Sangue
D600,Sangue
D601,Sangue
D608,Sangue
D609,Sangue
D61,Sangue
D610,Sangue
D611,Sangue
D612,Sangue
D613,Sangue
D618,Sangue
D619,Sangue
D62,Sangue
D63,Sangue
D630,Sangue
D638,Sangue
D64,Sangue
D640,Sangue
D641,Sangue
D642,Sangue
D643,Sangue
D644,Sangue
D648,Sangue
D649,Sangue
D65,Sangue
D66,Sangue
D67,Sangue
D68,Sangue
D680,Sangue
D681,Sangue
D682,Sangue
D683,Sangue
D684,Sangue
D688,Sangue
D689,Sangue
D69,Sangue
D690,Sangue
D691,Sangue
D692,Sangue
D693,Sangue
D694,Sangue
D695,Sangue
D696,Sangue
D698,Sangue
D699,Sangue
D70,Sangue
D71,Sangue
D72,Sangue
D720,Sangue
D721,Sangue
D728,Sangue
D729,Sangue
D73,Sangue
D730,Sangue
D731,Sangue
D732,Sangue
D733,Sangue
D734,Sangue
D735,Sangue
D738,Sangue
D739,Sangue
D74,Sangue
D740,Sangue
D748,Sangue
D749,Sangue
D75,Sangue
D750,Sangue
D751,Sangue
D752,Sangue
D758,Sangue
D759,Sangue
D76,Sangue
D760,Sangue
D761,Sangue
D762,Sangue
D763,Sangue
D77,Sangue
D80,Sangue
D800,Sangue
D801,Sangue
D802,Sangue
D803,Sangue
D804,Sangue
D805,Sangue
D806,Sangue
D807,Sangue
D808,Sangue
D809,Sangue
D81,Sangue
D810,Sangue
D811,Sangue
D812,Sangue
D813,Sangue
D814,Sangue
D815,Sangue
D816,Sangue
D817,Sangue
D818,Sangue
D819,Sangue
D82,Sangue
D820,Sangue
D821,Sangue
D822,Sangue
D823,Sangue
D824,Sangue
D828,Sangue
D829,Sangue
D83,Sangue
D830,Sangue
D831,Sangue
D832,Sangue
D838,Sangue
D839,Sangue
D84,Sangue
D840,Sangue
D841,Sangue
D848,Sangue
D849,Sangue
D86,Sangue
D860,Sangue
D861,Sangue
D862,Sangue
D863,Sangue
D868,Sangue
D869,Sangue
D89,Sangue
D890,Sangue
D891,Sangue
D892,Sangue
D898,Sangue
D899,Sangue
E00,Endócrino
E000,Endócrino
E001,Endócrino
E002,Endócrino
E009,Endócrino
E01,Endócrino
E010,Endócrino
E011,Endócrino
E012,Endócrino
E018,Endócrino
E02,Endócrino
E03,Endócrino
E030,Endócrino
E031,Endócrino
E032,Endócrino
E033,Endócrino
E034,Endócrino
E035,Endócrino
E038,Endócrino
E039,Endócrino
E04,Endócrino
E040,Endócrino
E041,Endócrino
E042,Endócrino
E048,Endócrino
E049,Endócrino
E05,Endócrino
E050,Endócrino
E051,Endócrino
E052,Endócrino
E053,Endócrino
E054,Endócrino
E055,Endócrino
E058,Endócrino
E059,Endócrino
E06,Endócrino
E060,Endócrino
E061,Endócrino
E062,Endócrino
E063,Endócrino
E064,Endócrino
E065,Endócrino
E069,Endócrino
E07,Endócrino
E070,Endócrino
E071,Endócrino
E078,Endócrino
E079,Endócrino
E10,Endócrino
E100,Endócrino
E101,Endócrino
E102,Endócrino
E103,Endócrino
E104,Endócrino
E105,Endócrino
E106,Endócrino
E107,Endócrino
E108,Endócrino
E109,Endócrino
E11,Endócrino
E110,Endócrino
E111,Endócrino
E112,Endócrino
E113,Endócrino
E114,Endócrino
E115,Endócrino
E116,Endócrino
E117,Endócrino
E118,Endócrino
E119,Endócrino
E12,Endócrino
E120,Endócrino
E121,Endócrino
E122,Endócrino
E123,Endócrino
E124,Endócrino
E125,Endócrino
E126,Endócrino
E127,Endócrino
E128,Endócrino
E129,Endócrino
E13,Endócrino
E130,Endócrino
E131,Endócrino
E132,Endócrino
E133,Endócrino
E134,Endócrino
E135,Endócrino
E136,Endócrino
E137,Endócrino
E138,Endócrino
E139,Endócrino
E14,Endócrino
E140,Endócrino
E141,Endócrino
E142,Endócrino
E143,Endócrino
E144,Endócrino
E145,Endócrino
E146,Endócrino
E147,Endócrino
E148,Endócrino
E149,Endócrino
E15,Endócrino
E16,Endócrino
E160,Endócrino
E161,Endócrino
E162,Endócrino
E163,Endócrino
E164,Endócrino
E168,Endócrino
E169,Endócrino
E20,Endócrino
E200,Endócrino
E201,Endócrino
E208,Endócrino
E209,Endócrino
E21,Endócrino
E210,Endócrino
E211,Endócrino
E212,Endócrino
E213,Endócrino
E214,Endócrino
E215,Endócrino
E22,Endócrino
E220,Endócrino
E221,Endócrino
E222,Endócrino
E228,Endócrino
E229,Endócrino
E23,Endócrino
E230,Endócrino
E231,Endócrino
E232,Endócrino
E233,Endócrino
E236,Endócrino
E237,Endócrino
E24,Endócrino
E240,Endócrino
E241,Endócrino
E242,Endócrino
E243,Endócrino
E244,Endócrino
E248,Endócrino
E249,Endócrino
E25,Endócrino
E250,Endócrino
E258,Endócrino
E259,Endócrino
E26,Endócrino
E260,Endócrino
E261,Endócrino
E268,Endócrino
E269,Endócrino
E27,Endócrino
E270,Endócrino
E271,Endócrino
E272,Endócrino
E273,Endócrino
E274,Endócrino
E275,Endócrino
E278,Endócrino
E279,Endócrino
E28,Endócrino
E280,Endócrino
E281,Endócrino
E282,Endócrino
E283,Endócrino
E288,Endócrino
E289,Endócrino
E29,Endócrino
E290,Endócrino
E291,Endócrino
E298,Endócrino
E299,Endócrino
E30,Endócrino
E300,Endócrino
E301,Endócrino
E308,Endócrino
E309,Endócrino
E31,Endócrino
E310,Endócrino
E311,Endócrino
E318,Endócrino
E319,Endócrino
E32,Endócrino
E320,Endócrino
E321,Endócrino
E328,Endócrino
E329,Endócrino
E34,Endócrino
E340,Endócrino
E341,Endócrino
E342,Endócrino
E343,Endócrino
E344,Endócrino
E345,Endócrino
E348,Endócrino
E349,Endócrino
E35,Endócrino
E350,Endócrino
E351,Endócrino
E358,Endócrino
E40,Endócrino
E41,Endócrino
E42,Endócrino
E43,Endócrino
E44,Endócrino
E440,Endócrino
E441,Endócrino
E45,Endócrino
E46,Endócrino
E50,Endócrino
E500,Endócrino
E501,Endócrino
E502,Endócrino
E503,Endócrino
E504,Endócrino
E505,Endócrino
E506,Endócrino
E507,Endócrino
E508,Endócrino
E509,Endócrino
E51,Endócrino
E511,Endócrino
E512,Endócrino
E518,Endócrino
E519,Endócrino
E52,Endócrino
E53,Endócrino
E530,Endócrino
E531,Endócrino
E538,Endócrino
E539,Endócrino
E54,Endócrino
E55,Endócrino
E550,Endócrino
E559,Endócrino
E56,Endócrino
E560,Endócrino
E561,Endócrino
E568,Endócrino
E569,Endócrino
E58,Endócrino
E59,Endócrino
E60,Endócrino
E61,Endócrino
E610,Endócrino
E611,Endócrino
E612,Endócrino
E613,Endócrino
E614,Endócrino
E615,Endócrino
E616,Endócrino
E617,Endócrino
E618,Endócrino
E619,Endócrino
E63,Endócrino
E630,Endócrino
E631,Endócrino
E638,Endócrino
E639,Endócrino
E64,Endócrino
E640,Endócrino
E641,Endócrino
E642,Endócrino
E643,Endócrino
E648,Endócrino
E649,Endócrino
E65,Endócrino
E66,Endócrino
E660,Endócrino
E661,Endócrino
E662,Endócrino
E668,Endócrino
E669,Endócrino
E67,Endócrino
E670,Endócrino
E671,Endócrino
E672,Endócrino
E673,Endócrino
E678,Endócrino
E68,Endócrino
E70,Endócrino
E700,Endócrino
E701,Endócrino
E702,Endócrino
E703,Endócrino
E708,Endócrino
E709,Endócrino
E71,Endócrino
E710,Endócrino
E711,Endócrino
E712,Endócrino
E713,Endócrino
E72,Endócrino
E720,Endócrino
E721,Endócrino
E722,Endócrino
E723,Endócrino
E724,Endócrino
E725,Endócrino
E728,Endócrino
E729,Endócrino
E73,Endócrino
E730,Endócrino
E731,Endócrino
E738,Endócrino
E739,Endócrino
E74,Endócrino
E740,Endócrino
E741,Endócrino
E742,Endócrino
E743,Endócrino
E744,Endócrino
E748,Endócrino
E749,Endócrino
E75,Endócrino
E750,Endócrino
E751,Endócrino
E752,Endócrino
E753,Endócrino
E754,Endócrino
E755,Endócrino
E756,Endócrino
E76,Endócrino
E760,Endócrino
E761,Endócrino
E762,Endócrino
E763,Endócrino
E768,Endócrino
E769,Endócrino
E77,Endócrino
E770,Endócrino
E771,Endócrino
E778,Endócrino
E779,Endócrino
E78,Endócrino
E780,Endócrino
E781,Endócrino
E782,Endócrino
E783,Endócrino
E784,Endócrino
E785,Endócrino
E786,Endócrino
E788,Endócrino
E789,Endócrino
E79,Endócrino
E790,Endócrino
E791,Endócrino
E798,Endócrino
E799,Endócrino
E80,Endócrino
E800,Endócrino
E801,Endócrino
E802,Endócrino
E803,Endócrino
E804,Endócrino
E805,Endócrino
E806,Endócrino
E807,Endócrino
E83,Endócrino
E830,Endócrino
E831,Endócrino
E832,Endócrino
E833,Endócrino
E834,Endócrino
E835,Endócrino
E838,Endócrino
E839,Endócrino
E84,Endócrino
E840,Endócrino
E841,Endócrino
E848,Endócrino
E849,Endócrino
E85,Endócrino
E850,Endócrino
E851,Endócrino
E852,Endócrino
E853,Endócrino
E854,Endócrino
E858,Endócrino
E859,Endócrino
E86,Endócrino
E87,Endócrino
E870,Endócrino
E871,Endócrino
E872,Endócrino
E873,Endócrino
E874,Endócrino
E875,Endócrino
E876,Endócrino
E877,Endócrino
E878,Endócrino
E88,Endócrino
E880,Endócrino
E881,Endócrino
E882,Endócrino
E888,Endócrino
E889,Endócrino
E89,Endócrino
E890,Endócrino
E891,Endócrino
E892,Endócrino
E893,Endócrino
E894,Endócrino
E895,Endócrino
E896,Endócrino
E898,Endócrino
E899,Endócrino
E90,Endócrino
F00,Mental
F000,Mental
F001,Mental
F002,Mental
F009,Mental
F01,Mental
F010,Mental
F011,Mental
F012,Mental
F013,Mental
F018,Mental
F019,Mental
F02,Mental
F020,Mental
F021,Mental
F022,Mental
F023,Mental
F024,Mental
F028,Mental
F03,Mental
F04,Mental
F05,Mental
F050,Mental
F051,Mental
F058,Mental
F059,Mental
F06,Mental
F060,Mental
F061,Mental
F062,Mental
F063,Mental
F064,Mental
F065,Mental
F066,Mental
F067,Mental
F068,Mental
F069,Mental
F07,Mental
F070,Mental
F071,Mental
F072,Mental
F078,Mental
F079,Mental
F09,Mental
F10,Mental
F100,Mental
F101,Mental
F102,Mental
F103,Mental
F104,Mental
F105,Mental
F106,Mental
F107,Mental
F108,Mental
F109,Mental
F11,Mental
F110,Mental
F111,Mental
F112,Mental
F113,Mental
F114,Mental
F115,Mental
F116,Mental
F117,Mental
F118,Mental
F119,Mental
F12,Mental
F120,Mental
F121,Mental
F122,Mental
F123,Mental
F124,Mental
F125,Mental
F126,Mental
F127,Mental
F128,Mental
F129,Mental
F13,Mental
F130,Mental
F131,Mental
F132,Mental
F133,Mental
F134,Mental
F135,Mental
F136,Mental
F137,Mental
F138,Mental
F139,Mental
F14,Mental
F140,Mental
F141,Mental
F142,Mental
F143,Mental
F144,Mental
F145,Mental
F146,Mental
F147,Mental
F148,Mental
F149,Mental
F15,Mental
F150,Mental
F151,Mental
F152,Mental
F153,Mental
F154,Mental
F155,Mental
F156,Mental
F157,Mental
F158,Mental
F159,Mental
F16,Mental
F160,Mental
F161,Mental
F162,Mental
F163,Mental
F164,Mental
F165,Mental
F166,Mental
F167,Mental
F168,Mental
F169,Mental
F17,Mental
F170,Mental
F171,Mental
F172,Mental
F173,Mental
F174,Mental
F175,Mental
F176,Mental
F177,Mental
F178,Mental
F179,Mental
F18,Mental
F180,Mental
F181,Mental
F182,Mental
F183,Mental
F184,Mental
F185,Mental
F186,Mental
F187,Mental
F188,Mental
F189,Mental
F19,Mental
F190,Mental
F191,Mental
F192,Mental
F193,Mental
F194,Mental
F195,Mental
F196,Mental
F197,Mental
F198,Mental
F199,Mental
F20,Mental
F200,Mental
F201,Mental
F202,Mental
F203,Mental
F204,Mental
F205,Mental
F206,Mental
F208,Mental
F209,Mental
F21,Mental
F22,Mental
F220,Mental
F228,Mental
F229,Mental
F23,Mental
F230,Mental
F231,Mental
F232,Mental
F233,Mental
F238,Mental
F239,Mental
F24,Mental
F25,Mental
F250,Mental
F251,Mental
F252,Mental
F258,Mental
F259,Mental
F28,Mental
F29,Mental
F30,Mental
F300,Mental
F301,Mental
F302,Mental
F308,Mental
F309,Mental
F31,Mental
F310,Mental
F311,Mental
F312,Mental
F313,Mental
F314,Mental
F315,Mental
F316,Mental
F317,Mental
F318,Mental
F319,Mental
F32,Mental
F320,Mental
F321,Mental
F322,Mental
F323,Mental
F328,Mental
F329,Mental
F33,Mental
F330,Mental
F331,Mental
F332,Mental
F333,Mental
F334,Mental
F338,Mental
F339,Mental
F34,Mental
F340,Mental
F341,Mental
F348,Mental
F349,Mental
F38,Mental
F380,Mental
F381,Mental
F388,Mental
F39,Mental
F40,Mental
F400,Mental
F401,Mental
F402,Mental
F408,Mental
F409,Mental
F41,Mental
F410,Mental
F411,Mental
F412,Mental
F413,Mental
F418,Mental
F419,Mental
F42,Mental
F420,Mental
F421,Mental
F422,Mental
F428,Mental
F429,Mental
F43,Mental
F430,Mental
F431,Mental
F432,Mental
F438,Mental
F439,Mental
F44,Mental
F440,Mental
F441,Mental
F442,Mental
F443,Mental
F444,Mental
F445,Mental
F446,Mental
F447,Mental
F448,Mental
F449,Mental
F45,Mental
F450,Mental
F451,Mental
F452,Mental
F453,Mental
F454,Mental
F458,Mental
F459,Mental
F48,Mental
F480,Mental
F481,Mental
F488,Mental
F489,Mental
F50,Mental
F500,Mental
F501,Mental
F502,Mental
F503,Mental
F504,Mental
F505,Mental
F508,Mental
F509,Mental
F51,Mental
F510,Mental
F511,Mental
F512,Mental
F513,Mental
F514,Mental
F515,Mental
F518,Mental
F519,Mental
F52,Mental
F520,Mental
F521,Mental
F522,Mental
F523,Mental
F524,Mental
F525,Mental
F526,Mental
F527,Mental
F528,Mental
F529,Mental
F53,Mental
F530,Mental
F531,Mental
F538,Mental
F539,Mental
F54,Mental
F55,Mental
F59,Mental
F60,Mental
F600,Mental
F601,Mental
F602,Mental
F603,Mental
F604,Mental
F605,Mental
F606,Mental
F607,Mental
F608,Mental
F609,Mental
F61,Mental
F62,Mental
F620,Mental
F621,Mental
F628,Mental
F629,Mental
F63,Mental
F630,Mental
F631,Mental
F632,Mental
F633,Mental
F638,Mental
F639,Mental
F64,Mental
F640,Mental
F641,Mental
F642,Mental
F648,Mental
F649,Mental
F65,Mental
F650,Mental
F651,Mental
F652,Mental
F653,Mental
F654,Mental
F655,Mental
F656,Mental
F658,Mental
F659,Mental
F66,Mental
F660,Mental
F661,Mental
F662,Mental
F668,Mental
F669,Mental
F68,Mental
F680,Mental
F681,Mental
F688,Mental
F69,Mental
F70,Mental
F700,Mental
F701,Mental
F708,Mental
F709,Mental
F71,Mental
F710,Mental
F711,Mental
F718,Mental
F719,Mental
F72,Mental
F720,Mental
F721,Mental
F728,Mental
F729,Mental
F73,Mental
F730,Mental
F731,Mental
F738,Mental
F739,Mental
F78,Mental
F780,Mental
F781,Mental
F788,Mental
F789,Mental
F79,Mental
F790,Mental
F791,Mental
F798,Mental
F799,Mental
F80,Mental
F800,Mental
F801,Mental
F802,Mental
F803,Mental
F808,Mental
F809,Mental
F81,Mental
F810,Mental
F811,Mental
F812,Mental
F813,Mental
F818,Mental
F819,Mental
F82,Mental
F83,Mental
F84,Mental
F840,Mental
F841,Mental
F842,Mental
F843,Mental
F844,Mental
F845,Mental
F848,Mental
F849,Mental
F88,Mental
F89,Mental
F90,Mental
F900,Mental
F901,Mental
F908,Mental
F909,Mental
F91,Mental
F910,Mental
F911,Mental
F912,Mental
F913,Mental
F918,Mental
F919,Mental
F92,Mental
F920,Mental
F928,Mental
F929,Mental
F93,Mental
F930,Mental
F931,Mental
F932,Mental
F933,Mental
F938,Mental
F939,Mental
F94,Mental
F940,Mental
F941,Mental
F942,Mental
F948,Mental
F949,Mental
F95,Mental
F950,Mental
F951,Mental
F952,Mental
F958,Mental
F959,Mental
F98,Mental
F980,Mental
F981,Mental
F982,Mental
F983,Mental
F984,Mental
F985,Mental
F986,Mental
F988,Mental
F989,Mental
F99,Mental
G00,Sistema Nervoso
G000,Sistema Nervoso
G001,Sistema Nervoso
G002,Sistema Nervoso
G003,Sistema Nervoso
G008,Sistema Nervoso
G009,Sistema Nervoso
G01,Sistema Nervoso
G02,Sistema Nervoso
G020,Sistema Nervoso
G021,Sistema Nervoso
G028,Sistema Nervoso
G03,Sistema Nervoso
G030,Sistema Nervoso
G031,Sistema Nervoso
G032,Sistema Nervoso
G038,Sistema Nervoso
G039,Sistema Nervoso
G04,Sistema Nervoso
G040,Sistema Nervoso
G041,Sistema Nervoso
G042,Sistema Nervoso
G048,Sistema Nervoso
G049,Sistema Nervoso
G05,Sistema Nervoso
G050,Sistema Nervoso
G051,Sistema Nervoso
G052,Sistema Nervoso
G058,Sistema Nervoso
G06,Sistema Nervoso
G060,Sistema Nervoso
G061,Sistema Nervoso
G062,Sistema Nervoso
G07,Sistema Nervoso
G08,Sistema Nervoso
G09,Sistema Nervoso
G10,Sistema Nervoso
G11,Sistema Nervoso
G110,Sistema Nervoso
G111,Sistema Nervoso
G112,Sistema Nervoso
G113,Sistema Nervoso
G114,Sistema Nervoso
G118,Sistema Nervoso
G119,Sistema Nervoso
G12,Sistema Nervoso
G120,Sistema Nervoso
G121,Sistema Nervoso
G122,Sistema Nervoso
G128,Sistema Nervoso
G129,Sistema Nervoso
G13,Sistema Nervoso
G130,Sistema Nervoso
G131,Sistema Nervoso
G132,Sistema Nervoso
G138,Sistema Nervoso
G20,Sistema Nervoso
G21,Sistema Nervoso
G210,Sistema Nervoso
G211,Sistema Nervoso
G212,Sistema Nervoso
G213,Sistema Nervoso
G218,Sistema Nervoso
G219,Sistema Nervoso
G22,Sistema Nervoso
G23,Sistema Nervoso
G230,Sistema Nervoso
G231,Sistema Nervoso
G232,Sistema Nervoso
G238,Sistema Nervoso
G239,Sistema Nervoso
G24,Sistema Nervoso
G240,Sistema Nervoso
G241,Sistema Nervoso
G242,Sistema Nervoso
G243,Sistema Nervoso
G244,Sistema Nervoso
G245,Sistema Nervoso
G248,Sistema Nervoso
G249,Sistema Nervoso
G25,Sistema Nervoso
G250,Sistema Nervoso
G251,Sistema Nervoso
G252,Sistema Nervoso
G253,Sistema Nervoso
G254,Sistema Nervoso
G255,Sistema Nervoso
G256,Sistema Nervoso
G258,Sistema Nervoso
G259,Sistema Nervoso
G26,Sistema Nervoso
G30,Sistema Nervoso
G300,Sistema Nervoso
G301,Sistema Nervoso
G308,Sistema Nervoso
G309,Sistema Nervoso
G31,Sistema Nervoso
G310,Sistema Nervoso
G311,Sistema Nervoso
G312,Sistema Nervoso
G318,Sistema Nervoso
G319,Sistema Nervoso
G32,Sistema Nervoso
G320,Sistema Nervoso
G328,Sistema Nervoso
G35,Sistema Nervoso
G36,Sistema Nervoso
G360,Sistema Nervoso
G361,Sistema Nervoso
G368,Sistema Nervoso
G369,Sistema Nervoso
G37,Sistema Nervoso
G370,Sistema Nervoso
G371,Sistema Nervoso
G372,Sistema Nervoso
G373,Sistema Nervoso
G374,Sistema Nervoso
G375,Sistema Nervoso
G378,Sistema Nervoso
G379,Sistema Nervoso
G40,Sistema Nervoso
G400,Sistema Nervoso
G401,Sistema Nervoso
G402,Sistema Nervoso
G403,Sistema Nervoso
G404,Sistema Nervoso
G405,Sistema Nervoso
G406,Sistema Nervoso
G407,Sistema Nervoso
G408,Sistema Nervoso
G409,Sistema Nervoso
G41,Sistema Nervoso
G410,Sistema Nervoso
G411,Sistema Nervoso
G412,Sistema Nervoso
G418,Sistema Nervoso
G419,Sistema Nervoso
G43,Sistema Nervoso
G430,Sistema Nervoso
G431,Sistema Nervoso
G432,Sistema Nervoso
G433,Sistema Nervoso
G438,Sistema Nervoso
G439,Sistema Nervoso
G44,Sistema Nervoso
G440,Sistema Nervoso
G441,Sistema Nervoso
G442,Sistema Nervoso
G443,Sistema Nervoso
G444,Sistema Nervoso
G448,Sistema Nervoso
G45,Sistema Nervoso
G450,Sistema Nervoso
G451,Sistema Nervoso
G452,Sistema Nervoso
G453,Sistema Nervoso
G454,Sistema Nervoso
G458,Sistema Nervoso
G459,Sistema Nervoso
G46,Sistema Nervoso
G460,Sistema Nervoso
G461,Sistema Nervoso
G462,Sistema Nervoso
G463,Sistema Nervoso
G464,Sistema Nervoso
G465,Sistema Nervoso
G466,Sistema Nervoso
G467,Sistema Nervoso
G468,Sistema Nervoso
G47,Sistema Nervoso
G470,Sistema Nervoso
G471,Sistema Nervoso
G472,Sistema Nervoso
G473,Sistema Nervoso
G474,Sistema Nervoso
G478,Sistema Nervoso
G479,Sistema Nervoso
G50,Sistema Nervoso
G500,Sistema Nervoso
G501,Sistema Nervoso
G508,Sistema Nervoso
G509,Sistema Nervoso
G51,Sistema Nervoso
G510,Sistema Nervoso
G511,Sistema Nervoso
G512,Sistema Nervoso
G513,Sistema Nervoso
G514,Sistema Nervoso
G518,Sistema Nervoso
G519,Sistema Nervoso
G52,Sistema Nervoso
G520,Sistema Nervoso
G521,Sistema Nervoso
G522,Sistema Nervoso
G523,Sistema Nervoso
G527,Sistema Nervoso
G528,Sistema Nervoso
G529,Sistema Nervoso
G53,Sistema Nervoso
G530,Sistema Nervoso
G531,Sistema Nervoso
G532,Sistema Nervoso
G533,Sistema Nervoso
G538,Sistema Nervoso
G54,Sistema Nervoso
G540,Sistema Nervoso
G541,Sistema Nervoso
G542,Sistema Nervoso
G543,Sistema Nervoso
G544,Sistema Nervoso
G545,Sistema Nervoso
G546,Sistema Nervoso
G547,Sistema Nervoso
G548,Sistema Nervoso
G549,Sistema Nervoso
G55,Sistema Nervoso
G550,Sistema Nervoso
G551,Sistema Nervoso
G552,Sistema Nervoso
G553,Sistema Nervoso
G558,Sistema Nervoso
G56,Sistema Nervoso
G560,Sistema Nervoso
G561,Sistema Nervoso
G562,Sistema Nervoso
G563,Sistema Nervoso
G564,Sistema Nervoso
G568,Sistema Nervoso
G569,Sistema Nervoso
G57,Sistema Nervoso
G570,Sistema Nervoso
G571,Sistema Nervoso
G572,Sistema Nervoso
G573,Sistema Nervoso
G574,Sistema Nervoso
G575,Sistema Nervoso
G576,Sistema Nervoso
G578,Sistema Nervoso
G579,Sistema Nervoso
G58,Sistema Nervoso
G580,Sistema Nervoso
G587,Sistema Nervoso
G588,Sistema Nervoso
G589,Sistema Nervoso
G59,Sistema Nervoso
G590,Sistema Nervoso
G598,Sistema Nervoso
G60,Sistema Nervoso
G600,Sistema Nervoso
G601,Sistema Nervoso
G602,Sistema Nervoso
G603,Sistema Nervoso
G608,Sistema Nervoso
G609,Sistema Nervoso
G61,Sistema Nervoso
G610,Sistema Nervoso
G611,Sistema Nervoso
G618,Sistema Nervoso
G619,Sistema Nervoso
G62,Sistema Nervoso
G620,Sistema Nervoso
G621,Sistema Nervoso
G622,Sistema Nervoso
G628,Sistema Nervoso
G629,Sistema Nervoso
G63,Sistema Nervoso
G630,Sistema Nervoso
G631,Sistema Nervoso
G632,Sistema Nervoso
G633,Sistema Nervoso
G634,Sistema Nervoso
G635,Sistema Nervoso
G636,Sistema Nervoso
G638,Sistema Nervoso
G64,Sistema Nervoso
G70,Sistema Nervoso
G700,Sistema Nervoso
G701,Sistema Nervoso
G702,Sistema Nervoso
G708,Sistema Nervoso
G709,Sistema Nervoso
G71,Sistema Nervoso
G710,Sistema Nervoso
G711,Sistema Nervoso
G712,Sistema Nervoso
G713,Sistema Nervoso
G718,Sistema Nervoso
G719,Sistema Nervoso
G72,Sistema Nervoso
G720,Sistema Nervoso
G721,Sistema Nervoso
G722,Sistema Nervoso
G723,Sistema Nervoso
G724,Sistema Nervoso
G728,Sistema Nervoso
G729,Sistema Nervoso
G73,Sistema Nervoso
G730,Sistema Nervoso
G731,Sistema Nervoso
G732,Sistema Nervoso
G733,Sistema Nervoso
G734,Sistema Nervoso
G735,Sistema Nervoso
G736,Sistema Nervoso
G737,Sistema Nervoso
G80,Sistema Nervoso
G800,Sistema Nervoso
G801,Sistema Nervoso
G802,Sistema Nervoso
G803,Sistema Nervoso
G804,Sistema Nervoso
G808,Sistema Nervoso
G809,Sistema Nervoso
G81,Sistema Nervoso
G810,Sistema Nervoso
G811,Sistema Nervoso
G819,Sistema Nervoso
G82,Sistema Nervoso
G820,Sistema Nervoso
G821,Sistema Nervoso
G822,Sistema Nervoso
G823,Sistema Nervoso
G824,Sistema Nervoso
G825,Sistema Nervoso
G83,Sistema Nervoso
G830,Sistema Nervoso
G831,Sistema Nervoso
G832,Sistema Nervoso
G833,Sistema Nervoso
G834,Sistema Nervoso
G838,Sistema Nervoso
G839,Sistema Nervoso
G90,Sistema Nervoso
G900,Sistema Nervoso
G901,Sistema Nervoso
G902,Sistema Nervoso
G903,Sistema Nervoso
G904,Sistema Nervoso
G908,Sistema Nervoso
G909,Sistema Nervoso
G91,Sistema Nervoso
G910,Sistema Nervoso
G911,Sistema Nervoso
G912,Sistema Nervoso
G913,Sistema Nervoso
G918,Sistema Nervoso
G919,Sistema Nervoso
G92,Sistema Nervoso
G93,Sistema Nervoso
G930,Sistema Nervoso
G931,Sistema Nervoso
G932,Sistema Nervoso
G933,Sistema Nervoso
G934,Sistema Nervoso
G935,Sistema Nervoso
G936,Sistema Nervoso
G937,Sistema Nervoso
G938,Sistema Nervoso
G939,Sistema Nervoso
G94,Sistema Nervoso
G940,Sistema Nervoso
G941,Sistema Nervoso
G942,Sistema Nervoso
G948,Sistema Nervoso
G95,Sistema Nervoso
G950,Sistema Nervoso
G951,Sistema Nervoso
G952,Sistema Nervoso
G958,Sistema Nervoso
G959,Sistema Nervoso
G96,Sistema Nervoso
G960,Sistema Nervoso
G961,Sistema Nervoso
G968,Sistema Nervoso
G969,Sistema Nervoso
G97,Sistema Nervoso
G970,Sistema Nervoso
G971,Sistema Nervoso
G972,Sistema Nervoso
G978,Sistema Nervoso
G979,Sistema Nervoso
G98,Sistema Nervoso
G99,Sistema Nervoso
G990,Sistema Nervoso
G991,Sistema Nervoso
G992,Sistema Nervoso
G998,Sistema Nervoso
H00,Olhos e anexos
H000,Olhos e anexos
H001,Olhos e anexos
H01,Olhos e anexos
H010,Olhos e anexos
H011,Olhos e anexos
H018,Olhos e anexos
H019,Olhos e anexos
H02,Olhos e anexos
H020,Olhos e anexos
H021,Olhos e anexos
H022,Olhos e anexos
H023,Olhos e anexos
H024,Olhos e anexos
H025,Olhos e anexos
H026,Olhos e anexos
H027,Olhos e anexos
H028,Olhos e anexos
H029,Olhos e anexos
H03,Olhos e anexos
H030,Olhos e anexos
H031,Olhos e anexos
H038,Olhos e anexos
H04,Olhos e anexos
H040,Olhos e anexos
H041,Olhos e anexos
H042,Olhos e anexos
H043,Olhos e anexos
H044,Olhos e anexos
H045,Olhos e anexos
H046,Olhos e anexos
H048,Olhos e anexos
H049,Olhos e anexos
H05,Olhos e anexos
H050,Olhos e anexos
H051,Olhos e anexos
H052,Olhos e anexos
H053,Olhos e anexos
H054,Olhos e anexos
H055,Olhos e anexos
H058,Olhos e anexos
H059,Olhos e anexos
H06,Olhos e anexos
H060,Olhos e anexos
H061,Olhos e anexos
H062,Olhos e anexos
H063,Olhos e anexos
H10,Olhos e anexos
H100,Olhos e anexos
H101,Olhos e anexos
H102,Olhos e anexos
H103,Olhos e anexos
H104,Olhos e anexos
H105,Olhos e anexos
H108,Olhos e anexos
H109,Olhos e anexos
H11,Olhos e anexos
H110,Olhos e anexos
H111,Olhos e anexos
H112,Olhos e anexos
H113,Olhos e anexos
H114,Olhos e anexos
H118,Olhos e anexos
H119,Olhos e anexos
H13,Olhos e anexos
H130,Olhos e anexos
H131,Olhos e anexos
H132,Olhos e anexos
H133,Olhos e anexos
H138,Olhos e anexos
H15,Olhos e anexos
H150,Olhos e anexos
H151,Olhos e anexos
H158,Olhos e anexos
H159,Olhos e anexos
H16,Olhos e anexos
H160,Olhos e anexos
H161,Olhos e anexos
H162,Olhos e anexos
H163,Olhos e anexos
H164,Olhos e anexos
H168,Olhos e anexos
H169,Olhos e anexos
H17,Olhos e anexos
H170,Olhos e anexos
H171,Olhos e anexos
H178,Olhos e anexos
H179,Olhos e anexos
H18,Olhos e anexos
H180,Olhos e anexos
H181,Olhos e anexos
H182,Olhos e anexos
H183,Olhos e anexos
H184,Olhos e anexos
H185,Olhos e anexos
H186,Olhos e anexos
H187,Olhos e anexos
H188,Olhos e anexos
H189,Olhos e anexos
H19,Olhos e anexos
H190,Olhos e anexos
H191,Olhos e anexos
H192,Olhos e anexos
H193,Olhos e anexos
H198,Olhos e anexos
H20,Olhos e anexos
H200,Olhos e anexos
H201,Olhos e anexos
H202,Olhos e anexos
H208,Olhos e anexos
H209,Olhos e anexos
H21,Olhos e anexos
H210,Olhos e anexos
H211,Olhos e anexos
H212,Olhos e anexos
H213,Olhos e anexos
H214,Olhos e anexos
H215,Olhos e anexos
H218,Olhos e anexos
H219,Olhos e anexos
H22,Olhos e anexos
H220,Olhos e anexos
H221,Olhos e anexos
H228,Olhos e anexos
H25,Olhos e anexos
H250,Olhos e anexos
H251,Olhos e anexos
H252,Olhos e anexos
H258,Olhos e anexos
H259,Olhos e anexos
H26,Olhos e anexos
H260,Olhos e anexos
H261,Olhos e anexos
H262,Olhos e anexos
H263,Olhos e anexos
H264,Olhos e anexos
H268,Olhos e anexos
H269,Olhos e anexos
H27,Olhos e anexos
H270,Olhos e anexos
H271,Olhos e anexos
H278,Olhos e anexos
H279,Olhos e anexos
H28,Olhos e anexos
H280,Olhos e anexos
H281,Olhos e anexos
H282,Olhos e anexos
H288,Olhos e anexos
H30,Olhos e anexos
H300,Olhos e anexos
H301,Olhos e anexos
H302,Olhos e anexos
H308,Olhos e anexos
H309,Olhos e anexos
H31,Olhos e anexos
H310,Olhos e anexos
H311,Olhos e anexos
H312,Olhos e anexos
H313,Olhos e anexos
H314,Olhos e anexos
H318,Olhos e anexos
H319,Olhos e anexos
H32,Olhos e anexos
H320,Olhos e anexos
H328,Olhos e anexos
H33,Olhos e anexos
H330,Olhos e anexos
H331,Olhos e anexos
H332,Olhos e anexos
H333,Olhos e anexos
H334,Olhos e anexos
H335,Olhos e anexos
H34,Olhos e anexos
H340,Olhos e anexos
H341,Olhos e anexos
H342,Olhos e anexos
H348,Olhos e anexos
H349,Olhos e anexos
H35,Olhos e anexos
H350,Olhos e anexos
H351,Olhos e anexos
H352,Olhos e anexos
H353,Olhos e anexos
H354,Olhos e anexos
H355,Olhos e anexos
H356,Olhos e anexos
H357,Olhos e anexos
H358,Olhos e anexos
H359,Olhos e anexos
H36,Olhos e anexos
H360,Olhos e anexos
H368,Olhos e anexos
H40,Olhos e anexos
H400,Olhos e anexos
H401,Olhos e anexos
H402,Olhos e anexos
H403,Olhos e anexos
H404,Olhos e anexos
H405,Olhos e anexos
H406,Olhos e anexos
H408,Olhos e anexos
H409,Olhos e anexos
H42,Olhos e anexos
H420,Olhos e anexos
H428,Olhos e anexos
H43,Olhos e anexos
H430,Olhos e anexos
H431,Olhos e anexos
H432,Olhos e anexos
H433,Olhos e anexos
H438,Olhos e anexos
H439,Olhos e anexos
H44,Olhos e anexos
H440,Olhos e anexos
H441,Olhos e anexos
H442,Olhos e anexos
H443,Olhos e anexos
H444,Olhos e anexos
H445,Olhos e anexos
H446,Olhos e anexos
H447,Olhos e anexos
H448,Olhos e anexos
H449,Olhos e anexos
H45,Olhos e anexos
H450,Olhos e anexos
H451,Olhos e anexos
H458,Olhos e anexos
H46,Olhos e anexos
H47,Olhos e anexos
H470,Olhos e anexos
H471,Olhos e anexos
H472,Olhos e anexos
H473,Olhos e anexos
H474,Olhos e anexos
H475,Olhos e anexos
H476,Olhos e anexos
H477,Olhos e anexos
H48,Olhos e anexos
H480,Olhos e anexos
H481,Olhos e anexos
H488,Olhos e anexos
H49,Olhos e anexos
H490,Olhos e anexos
H491,Olhos e anexos
H492,Olhos e anexos
H493,Olhos e anexos
H494,Olhos e anexos
H498,Olhos e anexos
H499,Olhos e anexos
H50,Olhos e anexos
H500,Olhos e anexos
H501,Olhos e anexos
H502,Olhos e anexos
H503,Olhos e anexos
H504,Olhos e anexos
H505,Olhos e anexos
H506,Olhos e anexos
H508,Olhos e anexos
H509,Olhos e anexos
H51,Olhos e anexos
H510,Olhos e anexos
H511,Olhos e anexos
H512,Olhos e anexos
H518,Olhos e anexos
H519,Olhos e anexos
H52,Olhos e anexos
H520,Olhos e anexos
H521,Olhos e anexos
H522,Olhos e anexos
H523,Olhos e anexos
H524,Olhos e anexos
H525,Olhos e anexos
H526,Olhos e anexos
H527,Olhos e anexos
H53,Olhos e anexos
H530,Olhos e anexos
H531,Olhos e anexos
H532,Olhos e anexos
H533,Olhos e anexos
H534,Olhos e anexos
H535,Olhos e anexos
H536,Olhos e anexos
H538,Olhos e anexos
H539,Olhos e anexos
H54,Olhos e anexos
H540,Olhos e anexos
H541,Olhos e anexos
H542,Olhos e anexos
H543,Olhos e anexos
H544,Olhos e anexos
H545,Olhos e anexos
H546,Olhos e anexos
H547,Olhos e anexos
H55,Olhos e anexos
H57,Olhos e anexos
H570,Olhos e anexos
H571,Olhos e anexos
H578,Olhos e anexos
H579,Olhos e anexos
H58,Olhos e anexos
H580,Olhos e anexos
H581,Olhos e anexos
H588,Olhos e anexos
H59,Olhos e anexos
H590,Olhos e anexos
H598,Olhos e anexos
H599,Olhos e anexos
H60,Ouvido
H600,Ouvido
H601,Ouvido
H602,Ouvido
H603,Ouvido
H604,Ouvido
H605,Ouvido
H608,Ouvido
H609,Ouvido
H61,Ouvido
H610,Ouvido
H611,Ouvido
H612,Ouvido
H613,Ouvido
H618,Ouvido
H619,Ouvido
H62,Ouvido
H620,Ouvido
H621,Ouvido
H622,Ouvido
H623,Ouvido
H624,Ouvido
H628,Ouvido
H65,Ouvido
H650,Ouvido
H651,Ouvido
H652,Ouvido
H653,Ouvido
H654,Ouvido
H659,Ouvido
H66,Ouvido
H660,Ouvido
H661,Ouvido
H662,Ouvido
H663,Ouvido
H664,Ouvido
H669,Ouvido
H67,Ouvido
H670,Ouvido
H671,Ouvido
H678,Ouvido
H68,Ouvido
H680,Ouvido
H681,Ouvido
H69,Ouvido
H690,Ouvido
H698,Ouvido
H699,Ouvido
H70,Ouvido
H700,Ouvido
H701,Ouvido
H702,Ouvido
H708,Ouvido
H709,Ouvido
H71,Ouvido
H72,Ouvido
H720,Ouvido
H721,Ouvido
H722,Ouvido
H728,Ouvido
H729,Ouvido
H73,Ouvido
H730,Ouvido
H731,Ouvido
H738,Ouvido
H739,Ouvido
H74,Ouvido
H740,Ouvido
H741,Ouvido
H742,Ouvido
H743,Ouvido
H744,Ouvido
H748,Ouvido
H749,Ouvido
H75,Ouvido
H750,Ouvido
H758,Ouvido
H80,Ouvido
H800,Ouvido
H801,Ouvido
H802,Ouvido
H808,Ouvido
H809,Ouvido
H81,Ouvido
H810,Ouvido
H811,Ouvido
H812,Ouvido
H813,Ouvido
H814,Ouvido
H818,Ouvido
H819,Ouvido
H82,Ouvido
H83,Ouvido
H830,Ouvido
H831,Ouvido
H832,Ouvido
H833,Ouvido
H838,Ouvido
H839,Ouvido
H90,Ouvido
H900,Ouvido
H901,Ouvido
H902,Ouvido
H903,Ouvido
H904,Ouvido
H905,Ouvido
H906,Ouvido
H907,Ouvido
H908,Ouvido
H91,Ouvido
H910,Ouvido
H911,Ouvido
H912,Ouvido
H913,Ouvido
H918,Ouvido
H919,Ouvido
H92,Ouvido
H920,Ouvido
H921,Ouvido
H922,Ouvido
H93,Ouvido
H930,Ouvido
H931,Ouvido
H932,Ouvido
H933,Ouvido
H938,Ouvido
H939,Ouvido
H94,Ouvido
H940,Ouvido
H948,Ouvido
H95,Ouvido
H950,Ouvido
H951,Ouvido
H958,Ouvido
H959,Ouvido
I00,Circulatório
I01,Circulatório
I010,Circulatório
I011,Circulatório
I012,Circulatório
I018,Circulatório
I019,Circulatório
I02,Circulatório
I020,Circulatório
I029,Circulatório
I05,Circulatório
I050,Circulatório
I051,Circulatório
I052,Circulatório
I058,Circulatório
I059,Circulatório
I06,Circulatório
I060,Circulatório
I061,Circulatório
I062,Circulatório
I068,Circulatório
I069,Circulatório
I07,Circulatório
I070,Circulatório
I071,Circulatório
I072,Circulatório
I078,Circulatório
I079,Circulatório
I08,Circulatório
I080,Circulatório
I081,Circulatório
I082,Circulatório
I083,Circulatório
I088,Circulatório
I089,Circulatório
I09,Circulatório
I090,Circulatório
I091,Circulatório
I092,Circulatório
I098,Circulatório
I099,Circulatório
I10,Circulatório
I11,Circulatório
I110,Circulatório
I119,Circulatório
I12,Circulatório
I120,Circulatório
I129,Circulatório
I13,Circulatório
I130,Circulatório
I131,Circulatório
I132,Circulatório
I139,Circulatório
I15,Circulatório
I150,Circulatório
I151,Circulatório
I152,Circulatório
I158,Circulatório
I159,Circulatório
I20,Circulatório
I200,Circulatório
I201,Circulatório
I208,Circulatório
I209,Circulatório
I21,Circulatório
I210,Circulatório
I211,Circulatório
I212,Circulatório
I213,Circulatório
I214,Circulatório
I219,Circulatório
I22,Circulatório
I220,Circulatório
I221,Circulatório
I228,Circulatório
I229,Circulatório
I23,Circulatório
I230,Circulatório
I231,Circulatório
I232,Circulatório
I233,Circulatório
I234,Circulatório
I235,Circulatório
I236,Circulatório
I238,Circulatório
I24,Circulatório
I240,Circulatório
I241,Circulatório
I248,Circulatório
I249,Circulatório
I25,Circulatório
I250,Circulatório
I251,Circulatório
I252,Circulatório
I253,Circulatório
I254,Circulatório
I255,Circulatório
I256,Circulatório
I258,Circulatório
I259,Circulatório
I26,Circulatório
I260,Circulatório
I269,Circulatório
I27,Circulatório
I270,Circulatório
I271,Circulatório
I272,circulatório.
I278,Circulatório
I279,Circulatório
I28,Circulatório
I280,Circulatório
I281,Circulatório
I288,Circulatório
I289,Circulatório
I30,Circulatório
I300,Circulatório
I301,Circulatório
I308,Circulatório
I309,Circulatório
I31,Circulatório
I310,Circulatório
I311,Circulatório
I312,Circulatório
I313,Circulatório
I318,Circulatório
I319,Circulatório
I32,Circulatório
I320,Circulatório
I321,Circulatório
I328,Circulatório
I33,Circulatório
I330,Circulatório
I339,Circulatório
I34,Circulatório
I340,Circulatório
I341,Circulatório
I342,Circulatório
I348,Circulatório
I349,Circulatório
I35,Circulatório
I350,Circulatório
I351,Circulatório
I352,Circulatório
I358,Circulatório
I359,Circulatório
I36,Circulatório
I360,Circulatório
I361,Circulatório
I362,Circulatório
I368,Circulatório
I369,Circulatório
I37,Circulatório
I370,Circulatório
I371,Circulatório
I372,Circulatório
I378,Circulatório
I379,Circulatório
I38,Circulatório
I39,Circulatório
I390,Circulatório
I391,Circulatório
I392,Circulatório
I393,Circulatório
I394,Circulatório
I398,Circulatório
I40,Circulatório
I400,Circulatório
I401,Circulatório
I408,Circulatório
I409,Circulatório
I41,Circulatório
I410,Circulatório
I411,Circulatório
I412,Circulatório
I418,Circulatório
I42,Circulatório
I420,Circulatório
I421,Circulatório
I422,Circulatório
I423,Circulatório
I424,Circulatório
I425,Circulatório
I426,Circulatório
I427,Circulatório
I428,Circulatório
I429,Circulatório
I43,Circulatório
I430,Circulatório
I431,Circulatório
I432,Circulatório
I438,Circulatório
I44,Circulatório
I440,Circulatório
I441,Circulatório
I442,Circulatório
I443,Circulatório
I444,Circulatório
I445,Circulatório
I446,Circulatório
I447,Circulatório
I45,Circulatório
I450,Circulatório
I451,Circulatório
I452,Circulatório
I453,Circulatório
I454,Circulatório
I455,Circulatório
I456,Circulatório
I458,Circulatório
I459,Circulatório
I46,Circulatório
I460,Circulatório
I461,Circulatório
I469,Circulatório
I47,Circulatório
I470,Circulatório
I471,Circulatório
I472,Circulatório
I479,Circulatório
I48,Circulatório
I49,Circulatório
I490,Circulatório
I491,Circulatório
I492,Circulatório
I493,Circulatório
I494,Circulatório
I495,Circulatório
I498,Circulatório
I499,Circulatório
I50,Circulatório
I500,Circulatório
I501,Circulatório
I509,Circulatório
I51,Circulatório
I510,Circulatório
I511,Circulatório
I512,Circulatório
I513,Circulatório
I514,Circulatório
I515,Circulatório
I516,Circulatório
I517,Circulatório
I518,Circulatório
I519,Circulatório
I52,Circulatório
I520,Circulatório
I521,Circulatório
I528,Circulatório
I60,Circulatório
I600,Circulatório
I601,Circulatório
I602,Circulatório
I603,Circulatório
I604,Circulatório
I605,Circulatório
I606,Circulatório
I607,Circulatório
I608,Circulatório
I609,Circulatório
I61,Circulatório
I610,Circulatório
I611,Circulatório
I612,Circulatório
I613,Circulatório
I614,Circulatório
I615,Circulatório
I616,Circulatório
I618,Circulatório
I619,Circulatório
I62,Circulatório
I620,Circulatório
I621,Circulatório
I629,Circulatório
I63,Circulatório
I630,Circulatório
I631,Circulatório
I632,Circulatório
I633,Circulatório
I634,Circulatório
I635,Circulatório
I636,Circulatório
I638,Circulatório
I639,Circulatório
I64,Circulatório
I65,Circulatório
I650,Circulatório
I651,Circulatório
I652,Circulatório
I653,Circulatório
I658,Circulatório
I659,Circulatório
I66,Circulatório
I660,Circulatório
I661,Circulatório
I662,Circulatório
I663,Circulatório
I664,Circulatório
I668,Circulatório
I669,Circulatório
I67,Circulatório
I670,Circulatório
I671,Circulatório
I672,Circulatório
I673,Circulatório
I674,Circulatório
I675,Circulatório
I676,Circulatório
I677,Circulatório
I678,Circulatório
I679,Circulatório
I68,Circulatório
I680,Circulatório
I681,Circulatório
I682,Circulatório
I688,Circulatório
I69,Circulatório
I690,Circulatório
I691,Circulatório
I692,Circulatório
I693,Circulatório
I694,Circulatório
I698,Circulatório
I70,Circulatório
I700,Circulatório
I701,Circulatório
I702,Circulatório
I708,Circulatório
I709,Circulatório
I71,Circulatório
I710,Circulatório
I711,Circulatório
I712,Circulatório
I713,Circulatório
I714,Circulatório
I715,Circulatório
I716,Circulatório
I718,Circulatório
I719,Circulatório
I72,Circulatório
I720,Circulatório
I721,Circulatório
I722,Circulatório
I723,Circulatório
I724,Circulatório
I728,Circulatório
I729,Circulatório
I73,Circulatório
I730,Circulatório
I731,Circulatório
I738,Circulatório
I739,Circulatório
I74,Circulatório
I740,Circulatório
I741,Circulatório
I742,Circulatório
I743,Circulatório
I744,Circulatório
I745,Circulatório
I748,Circulatório
I749,Circulatório
I77,Circulatório
I770,Circulatório
I771,Circulatório
I772,Circulatório
I773,Circulatório
I774,Circulatório
I775,Circulatório
I776,Circulatório
I778,Circulatório
I779,Circulatório
I78,Circulatório
I780,Circulatório
I781,Circulatório
I788,Circulatório
I789,Circulatório
I79,Circulatório
I790,Circulatório
I791,Circulatório
I792,Circulatório
I798,Circulatório
I80,Circulatório
I800,Circulatório
I801,Circulatório
I802,Circulatório
I803,Circulatório
I808,Circulatório
I809,Circulatório
I81,Circulatório
I82,Circulatório
I820,Circulatório
I821,Circulatório
I822,Circulatório
I823,Circulatório
I828,Circulatório
I829,Circulatório
I83,Circulatório
I830,Circulatório
I831,Circulatório
I832,Circulatório
I839,Circulatório
I84,Circulatório
I840,Circulatório
I841,Circulatório
I842,Circulatório
I843,Circulatório
I844,Circulatório
I845,Circulatório
I846,Circulatório
I847,Circulatório
I848,Circulatório
I849,Circulatório
I85,Circulatório
I850,Circulatório
I859,Circulatório
I86,Circulatório
I860,Circulatório
I861,Circulatório
I862,Circulatório
I863,Circulatório
I864,Circulatório
I868,Circulatório
I87,Circulatório
I870,Circulatório
I871,Circulatório
I872,Circulatório
I878,Circulatório
I879,Circulatório
I88,Circulatório
I880,Circulatório
I881,Circulatório
I888,Circulatório
I889,Circulatório
I89,Circulatório
I890,Circulatório
I891,Circulatório
I898,Circulatório
I899,Circulatório
I95,Circulatório
I950,Circulatório
I951,Circulatório
I952,Circulatório
I958,Circulatório
I959,Circulatório
I97,Circulatório
I970,Circulatório
I971,Circulatório
I972,Circulatório
I978,Circulatório
I979,Circulatório
I98,Circulatório
I980,Circulatório
I981,Circulatório
I982,Circulatório
I988,Circulatório
I99,Circulatório
J00,Respiratório
J01,Respiratório
J010,Respiratório
J011,Respiratório
J012,Respiratório
J013,Respiratório
J014,Respiratório
J018,Respiratório
J019,Respiratório
J02,Respiratório
J020,Respiratório
J028,Respiratório
J029,Respiratório
J03,Respiratório
J030,Respiratório
J038,Respiratório
J039,Respiratório
J04,Respiratório
J040,Respiratório
J041,Respiratório
J042,Respiratório
J05,Respiratório
J050,Respiratório
J051,Respiratório
J06,Respiratório
J060,Respiratório
J068,Respiratório
J069,Respiratório
J09,respiratório
J10,Respiratório
J100,Respiratório
J101,Respiratório
J108,Respiratório
J11,Respiratório
J110,Respiratório
J111,Respiratório
J118,Respiratório
J12,Respiratório
J120,Respiratório
J121,Respiratório
J122,Respiratório
J128,Respiratório
J129,Respiratório
J13,Respiratório
J14,Respiratório
J15,Respiratório
J150,Respiratório
J151,Respiratório
J152,Respiratório
J153,Respiratório
J154,Respiratório
J155,Respiratório
J156,Respiratório
J157,Respiratório
J158,Respiratório
J159,Respiratório
J16,Respiratório
J160,Respiratório
J168,Respiratório
J17,Respiratório
J170,Respiratório
J171,Respiratório
J172,Respiratório
J173,Respiratório
J178,Respiratório
J18,Respiratório
J180,Respiratório
J181,Respiratório
J182,Respiratório
J188,Respiratório
J189,Respiratório
J20,Respiratório
J200,Respiratório
J201,Respiratório
J202,Respiratório
J203,Respiratório
J204,Respiratório
J205,Respiratório
J206,Respiratório
J207,Respiratório
J208,Respiratório
J209,Respiratório
J21,Respiratório
J210,Respiratório
J218,Respiratório
J219,Respiratório
J22,Respiratório
J30,Respiratório
J300,Respiratório
J301,Respiratório
J302,Respiratório
J303,Respiratório
J304,Respiratório
J31,Respiratório
J310,Respiratório
J311,Respiratório
J312,Respiratório
J32,Respiratório
J320,Respiratório
J321,Respiratório
J322,Respiratório
J323,Respiratório
J324,Respiratório
J328,Respiratório
J329,Respiratório
J33,Respiratório
J330,Respiratório
J331,Respiratório
J338,Respiratório
J339,Respiratório
J34,Respiratório
J340,Respiratório
J341,Respiratório
J342,Respiratório
J343,Respiratório
J348,Respiratório
J35,Respiratório
J350,Respiratório
J351,Respiratório
J352,Respiratório
J353,Respiratório
J358,Respiratório
J359,Respiratório
J36,Respiratório
J37,Respiratório
J370,Respiratório
J371,Respiratório
J38,Respiratório
J380,Respiratório
J381,Respiratório
J382,Respiratório
J383,Respiratório
J384,Respiratório
J385,Respiratório
J386,Respiratório
J387,Respiratório
J39,Respiratório
J390,Respiratório
J391,Respiratório
J392,Respiratório
J393,Respiratório
J398,Respiratório
J399,Respiratório
J40,Respiratório
J41,Respiratório
J410,Respiratório
J411,Respiratório
J418,Respiratório
J42,Respiratório
J43,Respiratório
J430,Respiratório
J431,Respiratório
J432,Respiratório
J438,Respiratório
J439,Respiratório
J44,Respiratório
J440,Respiratório
J441,Respiratório
J448,Respiratório
J449,Respiratório
J45,Respiratório
J450,Respiratório
J451,Respiratório
J458,Respiratório
J459,Respiratório
J46,Respiratório
J47,Respiratório
J60,Respiratório
J61,Respiratório
J62,Respiratório
J620,Respiratório
J628,Respiratório
J63,Respiratório
J630,Respiratório
J631,Respiratório
J632,Respiratório
J633,Respiratório
J634,Respiratório
J635,Respiratório
J638,Respiratório
J64,Respiratório
J65,Respiratório
J66,Respiratório
J660,Respiratório
J661,Respiratório
J662,Respiratório
J668,Respiratório
J67,Respiratório
J670,Respiratório
J671,Respiratório
J672,Respiratório
J673,Respiratório
J674,Respiratório
J675,Respiratório
J676,Respiratório
J677,Respiratório
J678,Respiratório
J679,Respiratório
J68,Respiratório
J680,Respiratório
J681,Respiratório
J682,Respiratório
J683,Respiratório
J684,Respiratório
J688,Respiratório
J689,Respiratório
J69,Respiratório
J690,Respiratório
J691,Respiratório
J698,Respiratório
J70,Respiratório
J700,Respiratório
J701,Respiratório
J702,Respiratório
J703,Respiratório
J704,Respiratório
J708,Respiratório
J709,Respiratório
J80,Respiratório
J81,Respiratório
J82,Respiratório
J84,Respiratório
J840,Respiratório
J841,Respiratório
J848,Respiratório
J849,Respiratório
J85,Respiratório
J850,Respiratório
J851,Respiratório
J852,Respiratório
J853,Respiratório
J86,Respiratório
J860,Respiratório
J869,Respiratório
J90,Respiratório
J91,Respiratório
J92,Respiratório
J920,Respiratório
J929,Respiratório
J93,Respiratório
J930,Respiratório
J931,Respiratório
J938,Respiratório
J939,Respiratório
J94,Respiratório
J940,Respiratório
J941,Respiratório
J942,Respiratório
J948,Respiratório
J949,Respiratório
J95,Respiratório
J950,Respiratório
J951,Respiratório
J952,Respiratório
J953,Respiratório
J954,Respiratório
J955,Respiratório
J958,Respiratório
J959,Respiratório
J96,Respiratório
J960,Respiratório
J961,Respiratório
J969,Respiratório
J98,Respiratório
J980,Respiratório
J981,Respiratório
J982,Respiratório
J983,Respiratório
J984,Respiratório
J985,Respiratório
J986,Respiratório
J988,Respiratório
J989,Respiratório
J99,Respiratório
J990,Respiratório
J991,Respiratório
J998,Respiratório
K00,Digestivo
K000,Digestivo
K001,Digestivo
K002,Digestivo
K003,Digestivo
K004,Digestivo
K005,Digestivo
K006,Digestivo
K007,Digestivo
K008,Digestivo
K009,Digestivo
K01,Digestivo
K010,Digestivo
K011,Digestivo
K02,Digestivo
K020,Digestivo
K021,Digestivo
K022,Digestivo
K023,Digestivo
K024,Digestivo
K028,Digestivo
K029,Digestivo
K03,Digestivo
K030,Digestivo
K031,Digestivo
K032,Digestivo
K033,Digestivo
K034,Digestivo
K035,Digestivo
K036,Digestivo
K037,Digestivo
K038,Digestivo
K039,Digestivo
K04,Digestivo
K040,Digestivo
K041,Digestivo
K042,Digestivo
K043,Digestivo
K044,Digestivo
K045,Digestivo
K046,Digestivo
K047,Digestivo
K048,Digestivo
K049,Digestivo
K05,Digestivo
K050,Digestivo
K051,Digestivo
K052,Digestivo
K053,Digestivo
K054,Digestivo
K055,Digestivo
K056,Digestivo
K06,Digestivo
K060,Digestivo
K061,Digestivo
K062,Digestivo
K068,Digestivo
K069,Digestivo
K07,Digestivo
K070,Digestivo
K071,Digestivo
K072,Digestivo
K073,Digestivo
K074,Digestivo
K075,Digestivo
K076,Digestivo
K078,Digestivo
K079,Digestivo
K08,Digestivo
K080,Digestivo
K081,Digestivo
K082,Digestivo
K083,Digestivo
K088,Digestivo
K089,Digestivo
K09,Digestivo
K090,Digestivo
K091,Digestivo
K092,Digestivo
K098,Digestivo
K099,Digestivo
K10,Digestivo
K100,Digestivo
K101,Digestivo
K102,Digestivo
K103,Digestivo
K108,Digestivo
K109,Digestivo
K11,Digestivo
K110,Digestivo
K111,Digestivo
K112,Digestivo
K113,Digestivo
K114,Digestivo
K115,Digestivo
K116,Digestivo
K117,Digestivo
K118,Digestivo
K119,Digestivo
K12,Digestivo
K120,Digestivo
K121,Digestivo
K122,Digestivo
K13,Digestivo
K130,Digestivo
K131,Digestivo
K132,Digestivo
K133,Digestivo
K134,Digestivo
K135,Digestivo
K136,Digestivo
K137,Digestivo
K14,Digestivo
K140,Digestivo
K141,Digestivo
K142,Digestivo
K143,Digestivo
K144,Digestivo
K145,Digestivo
K146,Digestivo
K148,Digestivo
K149,Digestivo
K20,Digestivo
K21,Digestivo
K210,Digestivo
K219,Digestivo
K22,Digestivo
K220,Digestivo
K221,Digestivo
K222,Digestivo
K223,Digestivo
K224,Digestivo
K225,Digestivo
K226,Digestivo
K227,Digestivo
K228,Digestivo
K229,Digestivo
K23,Digestivo
K230,Digestivo
K231,Digestivo
K238,Digestivo
K25,Digestivo
K250,Digestivo
K251,Digestivo
K252,Digestivo
K253,Digestivo
K254,Digestivo
K255,Digestivo
K256,Digestivo
K257,Digestivo
K259,Digestivo
K26,Digestivo
K260,Digestivo
K261,Digestivo
K262,Digestivo
K263,Digestivo
K264,Digestivo
K265,Digestivo
K266,Digestivo
K267,Digestivo
K269,Digestivo
K27,Digestivo
K270,Digestivo
K271,Digestivo
K272,Digestivo
K273,Digestivo
K274,Digestivo
K275,Digestivo
K276,Digestivo
K277,Digestivo
K279,Digestivo
K28,Digestivo
K280,Digestivo
K281,Digestivo
K282,Digestivo
K283,Digestivo
K284,Digestivo
K285,Digestivo
K286,Digestivo
K287,Digestivo
K289,Digestivo
K29,Digestivo
K290,Digestivo
K291,Digestivo
K292,Digestivo
K293,Digestivo
K294,Digestivo
K295,Digestivo
K296,Digestivo
K297,Digestivo
K298,Digestivo
K299,Digestivo
K30,Digestivo
K31,Digestivo
K310,Digestivo
K311,Digestivo
K312,Digestivo
K313,Digestivo
K314,Digestivo
K315,Digestivo
K316,Digestivo
K317,Digestivo
K318,Digestivo
K319,Digestivo
K35,Digestivo
K350,Digestivo
K351,Digestivo
K359,Digestivo
K36,Digestivo
K37,Digestivo
K38,Digestivo
K380,Digestivo
K381,Digestivo
K382,Digestivo
K383,Digestivo
K388,Digestivo
K389,Digestivo
K40,Digestivo
K400,Digestivo
K401,Digestivo
K402,Digestivo
K403,Digestivo
K404,Digestivo
K409,Digestivo
K41,Digestivo
K410,Digestivo
K411,Digestivo
K412,Digestivo
K413,Digestivo
K414,Digestivo
K419,Digestivo
K42,Digestivo
K420,Digestivo
K421,Digestivo
K429,Digestivo
K43,Digestivo
K430,Digestivo
K431,Digestivo
K439,Digestivo
K44,Digestivo
K440,Digestivo
K441,Digestivo
K449,Digestivo
K45,Digestivo
K450,Digestivo
K451,Digestivo
K458,Digestivo
K46,Digestivo
K460,Digestivo
K461,Digestivo
K469,Digestivo
K50,Digestivo
K500,Digestivo
K501,Digestivo
K508,Digestivo
K509,Digestivo
K51,Digestivo
K510,Digestivo
K511,Digestivo
K512,Digestivo
K513,Digestivo
K514,Digestivo
K515,Digestivo
K518,Digestivo
K519,Digestivo
K52,Digestivo
K520,Digestivo
K521,Digestivo
K522,Digestivo
K528,Digestivo
K529,Digestivo
K55,Digestivo
K550,Digestivo
K551,Digestivo
K552,Digestivo
K558,Digestivo
K559,Digestivo
K56,Digestivo
K560,Digestivo
K561,Digestivo
K562,Digestivo
K563,Digestivo
K564,Digestivo
K565,Digestivo
K566,Digestivo
K567,Digestivo
K57,Digestivo
K570,Digestivo
K571,Digestivo
K572,Digestivo
K573,Digestivo
K574,Digestivo
K575,Digestivo
K578,Digestivo
K579,Digestivo
K58,Digestivo
K580,Digestivo
K589,Digestivo
K59,Digestivo
K590,Digestivo
K591,Digestivo
K592,Digestivo
K593,Digestivo
K594,Digestivo
K598,Digestivo
K599,Digestivo
K60,Digestivo
K600,Digestivo
K601,Digestivo
K602,Digestivo
K603,Digestivo
K604,Digestivo
K605,Digestivo
K61,Digestivo
K610,Digestivo
K611,Digestivo
K612,Digestivo
K613,Digestivo
K614,Digestivo
K62,Digestivo
K620,Digestivo
K621,Digestivo
K622,Digestivo
K623,Digestivo
K624,Digestivo
K625,Digestivo
K626,Digestivo
K627,Digestivo
K628,Digestivo
K629,Digestivo
K63,Digestivo
K630,Digestivo
K631,Digestivo
K632,Digestivo
K633,Digestivo
K634,Digestivo
K635,Digestivo
K638,Digestivo
K639,Digestivo
K65,Digestivo
K650,Digestivo
K658,Digestivo
K659,Digestivo
K66,Digestivo
K660,Digestivo
K661,Digestivo
K668,Digestivo
K669,Digestivo
K67,Digestivo
K670,Digestivo
K671,Digestivo
K672,Digestivo
K673,Digestivo
K678,Digestivo
K70,Digestivo
K700,Digestivo
K701,Digestivo
K702,Digestivo
K703,Digestivo
K704,Digestivo
K709,Digestivo
K71,Digestivo
K710,Digestivo
K711,Digestivo
K712,Digestivo
K713,Digestivo
K714,Digestivo
K715,Digestivo
K716,Digestivo
K717,Digestivo
K718,Digestivo
K719,Digestivo
K72,Digestivo
K720,Digestivo
K721,Digestivo
K729,Digestivo
K73,Digestivo
K730,Digestivo
K731,Digestivo
K732,Digestivo
K738,Digestivo
K739,Digestivo
K74,Digestivo
K740,Digestivo
K741,Digestivo
K742,Digestivo
K743,Digestivo
K744,Digestivo
K745,Digestivo
K746,Digestivo
K75,Digestivo
K750,Digestivo
K751,Digestivo
K752,Digestivo
K753,Digestivo
K754,Digestivo
K758,Digestivo
K759,Digestivo
K76,Digestivo
K760,Digestivo
K761,Digestivo
K762,Digestivo
K763,Digestivo
K764,Digestivo
K765,Digestivo
K766,Digestivo
K767,Digestivo
K768,Digestivo
K769,Digestivo
K77,Digestivo
K770,Digestivo
K778,Digestivo
K80,Digestivo
K800,Digestivo
K801,Digestivo
K802,Digestivo
K803,Digestivo
K804,Digestivo
K805,Digestivo
K808,Digestivo
K81,Digestivo
K810,Digestivo
K811,Digestivo
K818,Digestivo
K819,Digestivo
K82,Digestivo
K820,Digestivo
K821,Digestivo
K822,Digestivo
K823,Digestivo
K824,Digestivo
K828,Digestivo
K829,Digestivo
K83,Digestivo
K830,Digestivo
K831,Digestivo
K832,Digestivo
K833,Digestivo
K834,Digestivo
K835,Digestivo
K838,Digestivo
K839,Digestivo
K85,Digestivo
K850,Digestivo
K851,Digestivo
K852,Digestivo
K853,Digestivo
K858,Digestivo
K859,Digestivo
K86,Digestivo
K860,Digestivo
K861,Digestivo
K862,Digestivo
K863,Digestivo
K868,Digestivo
K869,Digestivo
K87,Digestivo
K870,Digestivo
K871,Digestivo
K90,Digestivo
K900,Digestivo
K901,Digestivo
K902,Digestivo
K903,Digestivo
K904,Digestivo
K908,Digestivo
K909,Digestivo
K91,Digestivo
K910,Digestivo
K911,Digestivo
K912,Digestivo
K913,Digestivo
K914,Digestivo
K915,Digestivo
K918,Digestivo
K919,Digestivo
K92,Digestivo
K920,Digestivo
K921,Digestivo
K922,Digestivo
K928,Digestivo
K929,Digestivo
K93,Digestivo
K930,Digestivo
K931,Digestivo
K938,Digestivo
L00,Pele
L01,Pele
L010,Pele
L011,Pele
L02,Pele
L020,Pele
L021,Pele
L022,Pele
L023,Pele
L024,Pele
L028,Pele
L029,Pele
L03,Pele
L030,Pele
L031,Pele
L032,Pele
L033,Pele
L038,Pele
L039,Pele
L04,Pele
L040,Pele
L041,Pele
L042,Pele
L043,Pele
L048,Pele
L049,Pele
L05,Pele
L050,Pele
L059,Pele
L08,Pele
L080,Pele
L081,Pele
L088,Pele
L089,Pele
L10,Pele
L100,Pele
L101,Pele
L102,Pele
L103,Pele
L104,Pele
L105,Pele
L108,Pele
L109,Pele
L11,Pele
L110,Pele
L111,Pele
L118,Pele
L119,Pele
L12,Pele
L120,Pele
L121,Pele
L122,Pele
L123,Pele
L128,Pele
L129,Pele
L13,Pele
L130,Pele
L131,Pele
L138,Pele
L139,Pele
L14,Pele
L20,Pele
L200,Pele
L208,Pele
L209,Pele
L21,Pele
L210,Pele
L211,Pele
L218,Pele
L219,Pele
L22,Pele
L23,Pele
L230,Pele
L231,Pele
L232,Pele
L233,Pele
L234,Pele
L235,Pele
L236,Pele
L237,Pele
L238,Pele
L239,Pele
L24,Pele
L240,Pele
L241,Pele
L242,Pele
L243,Pele
L244,Pele
L245,Pele
L246,Pele
L247,Pele
L248,Pele
L249,Pele
L25,Pele
L250,Pele
L251,Pele
L252,Pele
L253,Pele
L254,Pele
L255,Pele
L258,Pele
L259,Pele
L26,Pele
L27,Pele
L270,Pele
L271,Pele
L272,Pele
L278,Pele
L279,Pele
L28,Pele
L280,Pele
L281,Pele
L282,Pele
L29,Pele
L290,Pele
L291,Pele
L292,Pele
L293,Pele
L298,Pele
L299,Pele
L30,Pele
L300,Pele
L301,Pele
L302,Pele
L303,Pele
L304,Pele
L305,Pele
L308,Pele
L309,Pele
L40,Pele
L400,Pele
L401,Pele
L402,Pele
L403,Pele
L404,Pele
L405,Pele
L408,Pele
L409,Pele
L41,Pele
L410,Pele
L411,Pele
L412,Pele
L413,Pele
L414,Pele
L415,Pele
L418,Pele
L419,Pele
L42,Pele
L43,Pele
L430,Pele
L431,Pele
L432,Pele
L433,Pele
L438,Pele
L439,Pele
L44,Pele
L440,Pele
L441,Pele
L442,Pele
L443,Pele
L444,Pele
L448,Pele
L449,Pele
L45,Pele
L50,Pele
L500,Pele
L501,Pele
L502,Pele
L503,Pele
L504,Pele
L505,Pele
L506,Pele
L508,Pele
L509,Pele
L51,Pele
L510,Pele
L511,Pele
L512,Pele
L518,Pele
L519,Pele
L52,Pele
L53,Pele
L530,Pele
L531,Pele
L532,Pele
L533,Pele
L538,Pele
L539,Pele
L54,Pele
L540,Pele
L548,Pele
L55,Pele
L550,Pele
L551,Pele
L552,Pele
L558,Pele
L559,Pele
L56,Pele
L560,Pele
L561,Pele
L562,Pele
L563,Pele
L564,Pele
L568,Pele
L569,Pele
L57,Pele
L570,Pele
L571,Pele
L572,Pele
L573,Pele
L574,Pele
L575,Pele
L578,Pele
L579,Pele
L58,Pele
L580,Pele
L581,Pele
L589,Pele
L59,Pele
L590,Pele
L598,Pele
L599,Pele
L60,Pele
L600,Pele
L601,Pele
L602,Pele
L603,Pele
L604,Pele
L605,Pele
L608,Pele
L609,Pele
L62,Pele
L620,Pele
L628,Pele
L63,Pele
L630,Pele
L631,Pele
L632,Pele
L638,Pele
L639,Pele
L64,Pele
L640,Pele
L648,Pele
L649,Pele
L65,Pele
L650,Pele
L651,Pele
L652,Pele
L658,Pele
L659,Pele
L66,Pele
L660,Pele
L661,Pele
L662,Pele
L663,Pele
L664,Pele
L668,Pele
L669,Pele
L67,Pele
L670,Pele
L671,Pele
L678,Pele
L679,Pele
L68,Pele
L680,Pele
L681,Pele
L682,Pele
L683,Pele
L688,Pele
L689,Pele
L70,Pele
L700,Pele
L701,Pele
L702,Pele
L703,Pele
L704,Pele
L705,Pele
L708,Pele
L709,Pele
L71,Pele
L710,Pele
L711,Pele
L718,Pele
L719,Pele
L72,Pele
L720,Pele
L721,Pele
L722,Pele
L728,Pele
L729,Pele
L73,Pele
L730,Pele
L731,Pele
L732,Pele
L738,Pele
L739,Pele
L74,Pele
L740,Pele
L741,Pele
L742,Pele
L743,Pele
L744,Pele
L748,Pele
L749,Pele
L75,Pele
L750,Pele
L751,Pele
L752,Pele
L758,Pele
L759,Pele
L80,Pele
L81,Pele
L810,Pele
L811,Pele
L812,Pele
L813,Pele
L814,Pele
L815,Pele
L816,Pele
L817,Pele
L818,Pele
L819,Pele
L82,Pele
L83,Pele
L84,Pele
L85,Pele
L850,Pele
L851,Pele
L852,Pele
L853,Pele
L858,Pele
L859,Pele
L86,Pele
L87,Pele
L870,Pele
L871,Pele
L872,Pele
L878,Pele
L879,Pele
L88,Pele
L89,Pele
L90,Pele
L900,Pele
L901,Pele
L902,Pele
L903,Pele
L904,Pele
L905,Pele
L906,Pele
L908,Pele
L909,Pele
L91,Pele
L910,Pele
L918,Pele
L919,Pele
L92,Pele
L920,Pele
L921,Pele
L922,Pele
L923,Pele
L928,Pele
L929,Pele
L93,Pele
L930,Pele
L931,Pele
L932,Pele
L94,Pele
L940,Pele
L941,Pele
L942,Pele
L943,Pele
L944,Pele
L945,Pele
L946,Pele
L948,Pele
L949,Pele
L95,Pele
L950,Pele
L951,Pele
L958,Pele
L959,Pele
L97,Pele
L98,Pele
L980,Pele
L981,Pele
L982,Pele
L983,Pele
L984,Pele
L985,Pele
L986,Pele
L988,Pele
L989,Pele
L99,Pele
L990,Pele
L998,Pele
M00,Osteomuscular
M000,Osteomuscular
M001,Osteomuscular
M002,Osteomuscular
M008,Osteomuscular
M009,Osteomuscular
M01,Osteomuscular
M010,Osteomuscular
M011,Osteomuscular
M012,Osteomuscular
M013,Osteomuscular
M014,Osteomuscular
M015,Osteomuscular
M016,Osteomuscular
M018,Osteomuscular
M02,Osteomuscular
M020,Osteomuscular
M021,Osteomuscular
M022,Osteomuscular
M023,Osteomuscular
M028,Osteomuscular
M029,Osteomuscular
M03,Osteomuscular
M030,Osteomuscular
M031,Osteomuscular
M032,Osteomuscular
M036,Osteomuscular
M05,Osteomuscular
M050,Osteomuscular
M051,Osteomuscular
M052,Osteomuscular
M053,Osteomuscular
M058,Osteomuscular
M059,Osteomuscular
M06,Osteomuscular
M060,Osteomuscular
M061,Osteomuscular
M062,Osteomuscular
M063,Osteomuscular
M064,Osteomuscular
M068,Osteomuscular
M069,Osteomuscular
M07,Osteomuscular
M070,Osteomuscular
M071,Osteomuscular
M072,Osteomuscular
M073,Osteomuscular
M074,Osteomuscular
M075,Osteomuscular
M076,Osteomuscular
M08,Osteomuscular
M080,Osteomuscular
M081,Osteomuscular
M082,Osteomuscular
M083,Osteomuscular
M084,Osteomuscular
M088,Osteomuscular
M089,Osteomuscular
M09,Osteomuscular
M090,Osteomuscular
M091,Osteomuscular
M092,Osteomuscular
M098,Osteomuscular
M10,Osteomuscular
M100,Osteomuscular
M101,Osteomuscular
M102,Osteomuscular
M103,Osteomuscular
M104,Osteomuscular
M109,Osteomuscular
M11,Osteomuscular
M110,Osteomuscular
M111,Osteomuscular
M112,Osteomuscular
M118,Osteomuscular
M119,Osteomuscular
M12,Osteomuscular
M120,Osteomuscular
M121,Osteomuscular
M122,Osteomuscular
M123,Osteomuscular
M124,Osteomuscular
M125,Osteomuscular
M128,Osteomuscular
M13,Osteomuscular
M130,Osteomuscular
M131,Osteomuscular
M138,Osteomuscular
M139,Osteomuscular
M14,Osteomuscular
M140,Osteomuscular
M141,Osteomuscular
M142,Osteomuscular
M143,Osteomuscular
M144,Osteomuscular
M145,Osteomuscular
M146,Osteomuscular
M148,Osteomuscular
M15,Osteomuscular
M150,Osteomuscular
M151,Osteomuscular
M152,Osteomuscular
M153,Osteomuscular
M154,Osteomuscular
M158,Osteomuscular
M159,Osteomuscular
M16,Osteomuscular
M160,Osteomuscular
M161,Osteomuscular
M162,Osteomuscular
M163,Osteomuscular
M164,Osteomuscular
M165,Osteomuscular
M166,Osteomuscular
M167,Osteomuscular
M169,Osteomuscular
M17,Osteomuscular
M170,Osteomuscular
M171,Osteomuscular
M172,Osteomuscular
M173,Osteomuscular
M174,Osteomuscular
M175,Osteomuscular
M179,Osteomuscular
M18,Osteomuscular
M180,Osteomuscular
M181,Osteomuscular
M182,Osteomuscular
M183,Osteomuscular
M184,Osteomuscular
M185,Osteomuscular
M189,Osteomuscular
M19,Osteomuscular
M190,Osteomuscular
M191,Osteomuscular
M192,Osteomuscular
M198,Osteomuscular
M199,Osteomuscular
M20,Osteomuscular
M200,Osteomuscular
M201,Osteomuscular
M202,Osteomuscular
M203,Osteomuscular
M204,Osteomuscular
M205,Osteomuscular
M206,Osteomuscular
M21,Osteomuscular
M210,Osteomuscular
M211,Osteomuscular
M212,Osteomuscular
M213,Osteomuscular
M214,Osteomuscular
M215,Osteomuscular
M216,Osteomuscular
M217,Osteomuscular
M218,Osteomuscular
M219,Osteomuscular
M22,Osteomuscular
M220,Osteomuscular
M221,Osteomuscular
M222,Osteomuscular
M223,Osteomuscular
M224,Osteomuscular
M228,Osteomuscular
M229,Osteomuscular
M23,Osteomuscular
M230,Osteomuscular
M231,Osteomuscular
M232,Osteomuscular
M233,Osteomuscular
M234,Osteomuscular
M235,Osteomuscular
M236,Osteomuscular
M238,Osteomuscular
M239,Osteomuscular
M24,Osteomuscular
M240,Osteomuscular
M241,Osteomuscular
M242,Osteomuscular
M243,Osteomuscular
M244,Osteomuscular
M245,Osteomuscular
M246,Osteomuscular
M247,Osteomuscular
M248,Osteomuscular
M249,Osteomuscular
M25,Osteomuscular
M250,Osteomuscular
M251,Osteomuscular
M252,Osteomuscular
M253,Osteomuscular
M254,Osteomuscular
M255,Osteomuscular
M256,Osteomuscular
M257,Osteomuscular
M258,Osteomuscular
M259,Osteomuscular
M30,Osteomuscular
M300,Osteomuscular
M301,Osteomuscular
M302,Osteomuscular
M303,Osteomuscular
M308,Osteomuscular
M31,Osteomuscular
M310,Osteomuscular
M311,Osteomuscular
M312,Osteomuscular
M313,Osteomuscular
M314,Osteomuscular
M315,Osteomuscular
M316,Osteomuscular
M317,Osteomuscular
M318,Osteomuscular
M319,Osteomuscular
M32,Osteomuscular
M320,Osteomuscular
M321,Osteomuscular
M328,Osteomuscular
M329,Osteomuscular
M33,Osteomuscular
M330,Osteomuscular
M331,Osteomuscular
M332,Osteomuscular
M339,Osteomuscular
M34,Osteomuscular
M340,Osteomuscular
M341,Osteomuscular
M342,Osteomuscular
M348,Osteomuscular
M349,Osteomuscular
M35,Osteomuscular
M350,Osteomuscular
M351,Osteomuscular
M352,Osteomuscular
M353,Osteomuscular
M354,Osteomuscular
M355,Osteomuscular
M356,Osteomuscular
M357,Osteomuscular
M358,Osteomuscular
M359,Osteomuscular
M36,Osteomuscular
M360,Osteomuscular
M361,Osteomuscular
M362,Osteomuscular
M363,Osteomuscular
M364,Osteomuscular
M368,Osteomuscular
M40,Osteomuscular
M400,Osteomuscular
M401,Osteomuscular
M402,Osteomuscular
M403,Osteomuscular
M404,Osteomuscular
M405,Osteomuscular
M41,Osteomuscular
M410,Osteomuscular
M411,Osteomuscular
M412,Osteomuscular
M413,Osteomuscular
M414,Osteomuscular
M415,Osteomuscular
M418,Osteomuscular
M419,Osteomuscular
M42,Osteomuscular
M420,Osteomuscular
M421,Osteomuscular
M429,Osteomuscular
M43,Osteomuscular
M430,Osteomuscular
M431,Osteomuscular
M432,Osteomuscular
M433,Osteomuscular
M434,Osteomuscular
M435,Osteomuscular
M436,Osteomuscular
M438,Osteomuscular
M439,Osteomuscular
M45,Osteomuscular
M46,Osteomuscular
M460,Osteomuscular
M461,Osteomuscular
M462,Osteomuscular
M463,Osteomuscular
M464,Osteomuscular
M465,Osteomuscular
M468,Osteomuscular
M469,Osteomuscular
M47,Osteomuscular
M470,Osteomuscular
M471,Osteomuscular
M472,Osteomuscular
M478,Osteomuscular
M479,Osteomuscular
M48,Osteomuscular
M480,Osteomuscular
M481,Osteomuscular
M482,Osteomuscular
M483,Osteomuscular
M484,Osteomuscular
M485,Osteomuscular
M488,Osteomuscular
M489,Osteomuscular
M49,Osteomuscular
M490,Osteomuscular
M491,Osteomuscular
M492,Osteomuscular
M493,Osteomuscular
M494,Osteomuscular
M495,Osteomuscular
M498,Osteomuscular
M50,Osteomuscular
M500,Osteomuscular
M501,Osteomuscular
M502,Osteomuscular
M503,Osteomuscular
M508,Osteomuscular
M509,Osteomuscular
M51,Osteomuscular
M510,Osteomuscular
M511,Osteomuscular
M512,Osteomuscular
M513,Osteomuscular
M514,Osteomuscular
M518,Osteomuscular
M519,Osteomuscular
M53,Osteomuscular
M530,Osteomuscular
M531,Osteomuscular
M532,Osteomuscular
M533,Osteomuscular
M538,Osteomuscular
M539,Osteomuscular
M54,Osteomuscular
M540,Osteomuscular
M541,Osteomuscular
M542,Osteomuscular
M543,Osteomuscular
M544,Osteomuscular
M545,Osteomuscular
M546,Osteomuscular
M548,Osteomuscular
M549,Osteomuscular
M60,Osteomuscular
M600,Osteomuscular
M601,Osteomuscular
M602,Osteomuscular
M608,Osteomuscular
M609,Osteomuscular
M61,Osteomuscular
M610,Osteomuscular
M611,Osteomuscular
M612,Osteomuscular
M613,Osteomuscular
M614,Osteomuscular
M615,Osteomuscular
M619,Osteomuscular
M62,Osteomuscular
M620,Osteomuscular
M621,Osteomuscular
M622,Osteomuscular
M623,Osteomuscular
M624,Osteomuscular
M625,Osteomuscular
M626,Osteomuscular
M628,Osteomuscular
M629,Osteomuscular
M63,Osteomuscular
M630,Osteomuscular
M631,Osteomuscular
M632,Osteomuscular
M633,Osteomuscular
M638,Osteomuscular
M65,Osteomuscular
M650,Osteomuscular
M651,Osteomuscular
M652,Osteomuscular
M653,Osteomuscular
M654,Osteomuscular
M658,Osteomuscular
M659,Osteomuscular
M66,Osteomuscular
M660,Osteomuscular
M661,Osteomuscular
M662,Osteomuscular
M663,Osteomuscular
M664,Osteomuscular
M665,Osteomuscular
M67,Osteomuscular
M670,Osteomuscular
M671,Osteomuscular
M672,Osteomuscular
M673,Osteomuscular
M674,Osteomuscular
M678,Osteomuscular
M679,Osteomuscular
M68,Osteomuscular
M680,Osteomuscular
M688,Osteomuscular
M70,Osteomuscular
M700,Osteomuscular
M701,Osteomuscular
M702,Osteomuscular
M703,Osteomuscular
M704,Osteomuscular
M705,Osteomuscular
M706,Osteomuscular
M707,Osteomuscular
M708,Osteomuscular
M709,Osteomuscular
M71,Osteomuscular
M710,Osteomuscular
M711,Osteomuscular
M712,Osteomuscular
M713,Osteomuscular
M714,Osteomuscular
M715,Osteomuscular
M718,Osteomuscular
M719,Osteomuscular
M72,Osteomuscular
M720,Osteomuscular
M721,Osteomuscular
M722,Osteomuscular
M724,Osteomuscular
M726,osteomuscular
M728,Osteomuscular
M729,Osteomuscular
M73,Osteomuscular
M730,Osteomuscular
M731,Osteomuscular
M738,Osteomuscular
M75,Osteomuscular
M750,Osteomuscular
M751,Osteomuscular
M752,Osteomuscular
M753,Osteomuscular
M754,Osteomuscular
M755,Osteomuscular
M758,Osteomuscular
M759,Osteomuscular
M76,Osteomuscular
M760,Osteomuscular
M761,Osteomuscular
M762,Osteomuscular
M763,Osteomuscular
M764,Osteomuscular
M765,Osteomuscular
M766,Osteomuscular
M767,Osteomuscular
M768,Osteomuscular
M769,Osteomuscular
M77,Osteomuscular
M770,Osteomuscular
M771,Osteomuscular
M772,Osteomuscular
M773,Osteomuscular
M774,Osteomuscular
M775,Osteomuscular
M778,Osteomuscular
M779,Osteomuscular
M79,Osteomuscular
M790,Osteomuscular
M791,Osteomuscular
M792,Osteomuscular
M793,Osteomuscular
M794,Osteomuscular
M795,Osteomuscular
M796,Osteomuscular
M797,Osteomuscular
M798,Osteomuscular
M799,Osteomuscular
M80,Osteomuscular
M800,Osteomuscular
M801,Osteomuscular
M802,Osteomuscular
M803,Osteomuscular
M804,Osteomuscular
M805,Osteomuscular
M808,Osteomuscular
M809,Osteomuscular
M81,Osteomuscular
M810,Osteomuscular
M811,Osteomuscular
M812,Osteomuscular
M813,Osteomuscular
M814,Osteomuscular
M815,Osteomuscular
M816,Osteomuscular
M818,Osteomuscular
M819,Osteomuscular
M82,Osteomuscular
M820,Osteomuscular
M821,Osteomuscular
M828,Osteomuscular
M83,Osteomuscular
M830,Osteomuscular
M831,Osteomuscular
M832,Osteomuscular
M833,Osteomuscular
M834,Osteomuscular
M835,Osteomuscular
M838,Osteomuscular
M839,Osteomuscular
M84,Osteomuscular
M840,Osteomuscular
M841,Osteomuscular
M842,Osteomuscular
M843,Osteomuscular
M844,Osteomuscular
M848,Osteomuscular
M849,Osteomuscular
M85,Osteomuscular
M850,Osteomuscular
M851,Osteomuscular
M852,Osteomuscular
M853,Osteomuscular
M854,Osteomuscular
M855,Osteomuscular
M856,Osteomuscular
M858,Osteomuscular
M859,Osteomuscular
M86,Osteomuscular
M860,Osteomuscular
M861,Osteomuscular
M862,Osteomuscular
M863,Osteomuscular
M864,Osteomuscular
M865,Osteomuscular
M866,Osteomuscular
M868,Osteomuscular
M869,Osteomuscular
M87,Osteomuscular
M870,Osteomuscular
M871,Osteomuscular
M872,Osteomuscular
M873,Osteomuscular
M878,Osteomuscular
M879,Osteomuscular
M88,Osteomuscular
M880,Osteomuscular
M888,Osteomuscular
M889,Osteomuscular
M89,Osteomuscular
M890,Osteomuscular
M891,Osteomuscular
M892,Osteomuscular
M893,Osteomuscular
M894,Osteomuscular
M895,Osteomuscular
M896,Osteomuscular
M898,Osteomuscular
M899,Osteomuscular
M90,Osteomuscular
M900,Osteomuscular
M901,Osteomuscular
M902,Osteomuscular
M903,Osteomuscular
M904,Osteomuscular
M905,Osteomuscular
M906,Osteomuscular
M907,Osteomuscular
M908,Osteomuscular
M91,Osteomuscular
M910,Osteomuscular
M911,Osteomuscular
M912,Osteomuscular
M913,Osteomuscular
M918,Osteomuscular
M91803,Osteomuscular
M919,Osteomuscular
M92,Osteomuscular
M920,Osteomuscular
M921,Osteomuscular
M922,Osteomuscular
M923,Osteomuscular
M924,Osteomuscular
M925,Osteomuscular
M926,Osteomuscular
M927,Osteomuscular
M928,Osteomuscular
M929,Osteomuscular
M93,Osteomuscular
M930,Osteomuscular
M931,Osteomuscular
M932,Osteomuscular
M938,Osteomuscular
M939,Osteomuscular
M94,Osteomuscular
M940,Osteomuscular
M941,Osteomuscular
M942,Osteomuscular
M943,Osteomuscular
M948,Osteomuscular
M949,Osteomuscular
M95,Osteomuscular
M950,Osteomuscular
M951,Osteomuscular
M952,Osteomuscular
M953,Osteomuscular
M954,Osteomuscular
M955,Osteomuscular
M958,Osteomuscular
M959,Osteomuscular
M96,Osteomuscular
M960,Osteomuscular
M961,Osteomuscular
M962,Osteomuscular
M963,Osteomuscular
M964,Osteomuscular
M965,Osteomuscular
M966,Osteomuscular
M968,Osteomuscular
M969,Osteomuscular
M99,Osteomuscular
M990,Osteomuscular
M991,Osteomuscular
M992,Osteomuscular
M993,Osteomuscular
M994,Osteomuscular
M995,Osteomuscular
M996,Osteomuscular
M997,Osteomuscular
M998,Osteomuscular
M999,Osteomuscular
N00,Geniturinário
N000,Geniturinário
N001,Geniturinário
N002,Geniturinário
N003,Geniturinário
N004,Geniturinário
N005,Geniturinário
N006,Geniturinário
N007,Geniturinário
N008,Geniturinário
N009,Geniturinário
N01,Geniturinário
N010,Geniturinário
N011,Geniturinário
N012,Geniturinário
N013,Geniturinário
N014,Geniturinário
N015,Geniturinário
N016,Geniturinário
N017,Geniturinário
N018,Geniturinário
N019,Geniturinário
N02,Geniturinário
N020,Geniturinário
N021,Geniturinário
N022,Geniturinário
N023,Geniturinário
N024,Geniturinário
N025,Geniturinário
N026,Geniturinário
N027,Geniturinário
N028,Geniturinário
N029,Geniturinário
N03,Geniturinário
N030,Geniturinário
N031,Geniturinário
N032,Geniturinário
N033,Geniturinário
N034,Geniturinário
N035,Geniturinário
N036,Geniturinário
N037,Geniturinário
N038,Geniturinário
N039,Geniturinário
N04,Geniturinário
N040,Geniturinário
N041,Geniturinário
N042,Geniturinário
N043,Geniturinário
N044,Geniturinário
N045,Geniturinário
N046,Geniturinário
N047,Geniturinário
N048,Geniturinário
N049,Geniturinário
N05,Geniturinário
N050,Geniturinário
N051,Geniturinário
N052,Geniturinário
N053,Geniturinário
N054,Geniturinário
N055,Geniturinário
N056,Geniturinário
N057,Geniturinário
N058,Geniturinário
N059,Geniturinário
N06,Geniturinário
N060,Geniturinário
N061,Geniturinário
N062,Geniturinário
N063,Geniturinário
N064,Geniturinário
N065,Geniturinário
N066,Geniturinário
N067,Geniturinário
N068,Geniturinário
N069,Geniturinário
N07,Geniturinário
N070,Geniturinário
N071,Geniturinário
N072,Geniturinário
N073,Geniturinário
N074,Geniturinário
N075,Geniturinário
N076,Geniturinário
N077,Geniturinário
N078,Geniturinário
N079,Geniturinário
N08,Geniturinário
N080,Geniturinário
N081,Geniturinário
N082,Geniturinário
N083,Geniturinário
N084,Geniturinário
N085,Geniturinário
N088,Geniturinário
N10,Geniturinário
N11,Geniturinário
N110,Geniturinário
N111,Geniturinário
N118,Geniturinário
N119,Geniturinário
N12,Geniturinário
N13,Geniturinário
N130,Geniturinário
N131,Geniturinário
N132,Geniturinário
N133,Geniturinário
N134,Geniturinário
N135,Geniturinário
N136,Geniturinário
N137,Geniturinário
N138,Geniturinário
N139,Geniturinário
N14,Geniturinário
N140,Geniturinário
N141,Geniturinário
N142,Geniturinário
N143,Geniturinário
N144,Geniturinário
N15,Geniturinário
N150,Geniturinário
N151,Geniturinário
N158,Geniturinário
N159,Geniturinário
N16,Geniturinário
N160,Geniturinário
N161,Geniturinário
N162,Geniturinário
N163,Geniturinário
N164,Geniturinário
N165,Geniturinário
N168,Geniturinário
N17,Geniturinário
N170,Geniturinário
N171,Geniturinário
N172,Geniturinário
N178,Geniturinário
N179,Geniturinário
N18,Geniturinário
N180,Geniturinário
N188,Geniturinário
N189,Geniturinário
N19,Geniturinário
N20,Geniturinário
N200,Geniturinário
N201,Geniturinário
N202,Geniturinário
N209,Geniturinário
N21,Geniturinário
N210,Geniturinário
N211,Geniturinário
N218,Geniturinário
N219,Geniturinário
N22,Geniturinário
N220,Geniturinário
N228,Geniturinário
N23,Geniturinário
N25,Geniturinário
N250,Geniturinário
N251,Geniturinário
N258,Geniturinário
N259,Geniturinário
N26,Geniturinário
N27,Geniturinário
N270,Geniturinário
N271,Geniturinário
N279,Geniturinário
N28,Geniturinário
N280,Geniturinário
N281,Geniturinário
N288,Geniturinário
N289,Geniturinário
N29,Geniturinário
N290,Geniturinário
N291,Geniturinário
N298,Geniturinário
N30,Geniturinário
N300,Geniturinário
N301,Geniturinário
N302,Geniturinário
N303,Geniturinário
N304,Geniturinário
N308,Geniturinário
N309,Geniturinário
N31,Geniturinário
N310,Geniturinário
N311,Geniturinário
N312,Geniturinário
N318,Geniturinário
N319,Geniturinário
N32,Geniturinário
N320,Geniturinário
N321,Geniturinário
N322,Geniturinário
N323,Geniturinário
N324,Geniturinário
N328,Geniturinário
N329,Geniturinário
N33,Geniturinário
N330,Geniturinário
N338,Geniturinário
N34,Geniturinário
N340,Geniturinário
N341,Geniturinário
N342,Geniturinário
N343,Geniturinário
N35,Geniturinário
N350,Geniturinário
N351,Geniturinário
N358,Geniturinário
N359,Geniturinário
N36,Geniturinário
N360,Geniturinário
N361,Geniturinário
N362,Geniturinário
N363,Geniturinário
N368,Geniturinário
N369,Geniturinário
N37,Geniturinário
N370,Geniturinário
N378,Geniturinário
N39,Geniturinário
N390,Geniturinário
N391,Geniturinário
N392,Geniturinário
N393,Geniturinário
N394,Geniturinário
N398,Geniturinário
N399,Geniturinário
N40,Geniturinário
N41,Geniturinário
N410,Geniturinário
N411,Geniturinário
N412,Geniturinário
N413,Geniturinário
N418,Geniturinário
N419,Geniturinário
N42,Geniturinário
N420,Geniturinário
N421,Geniturinário
N422,Geniturinário
N428,Geniturinário
N429,Geniturinário
N43,Geniturinário
N430,Geniturinário
N431,Geniturinário
N432,Geniturinário
N433,Geniturinário
N434,Geniturinário
N44,Geniturinário
N45,Geniturinário
N450,Geniturinário
N459,Geniturinário
N46,Geniturinário
N47,Geniturinário
N48,Geniturinário
N480,Geniturinário
N481,Geniturinário
N482,Geniturinário
N483,Geniturinário
N484,Geniturinário
N485,Geniturinário
N486,Geniturinário
N488,Geniturinário
N489,Geniturinário
N49,Geniturinário
N490,Geniturinário
N491,Geniturinário
N492,Geniturinário
N498,Geniturinário
N499,Geniturinário
N50,Geniturinário
N500,Geniturinário
N501,Geniturinário
N508,Geniturinário
N509,Geniturinário
N51,Geniturinário
N510,Geniturinário
N511,Geniturinário
N512,Geniturinário
N518,Geniturinário
N60,Geniturinário
N600,Geniturinário
N601,Geniturinário
N602,Geniturinário
N603,Geniturinário
N604,Geniturinário
N608,Geniturinário
N609,Geniturinário
N61,Geniturinário
N62,Geniturinário
N63,Geniturinário
N64,Geniturinário
N640,Geniturinário
N641,Geniturinário
N642,Geniturinário
N643,Geniturinário
N644,Geniturinário
N645,Geniturinário
N648,Geniturinário
N649,Geniturinário
N70,Geniturinário
N700,Geniturinário
N701,Geniturinário
N709,Geniturinário
N71,Geniturinário
N710,Geniturinário
N711,Geniturinário
N719,Geniturinário
N72,Geniturinário
N73,Geniturinário
N730,Geniturinário
N731,Geniturinário
N732,Geniturinário
N733,Geniturinário
N734,Geniturinário
N735,Geniturinário
N736,Geniturinário
N738,Geniturinário
N739,Geniturinário
N74,Geniturinário
N740,Geniturinário
N741,Geniturinário
N742,Geniturinário
N743,Geniturinário
N744,Geniturinário
N748,Geniturinário
N75,Geniturinário
N750,Geniturinário
N751,Geniturinário
N758,Geniturinário
N759,Geniturinário
N76,Geniturinário
N760,Geniturinário
N761,Geniturinário
N762,Geniturinário
N763,Geniturinário
N764,Geniturinário
N765,Geniturinário
N766,Geniturinário
N768,Geniturinário
N77,Geniturinário
N770,Geniturinário
N771,Geniturinário
N778,Geniturinário
N80,Geniturinário
N800,Geniturinário
N801,Geniturinário
N802,Geniturinário
N803,Geniturinário
N804,Geniturinário
N805,Geniturinário
N806,Geniturinário
N808,Geniturinário
N809,Geniturinário
N81,Geniturinário
N810,Geniturinário
N811,Geniturinário
N812,Geniturinário
N813,Geniturinário
N814,Geniturinário
N815,Geniturinário
N816,Geniturinário
N818,Geniturinário
N819,Geniturinário
N82,Geniturinário
N820,Geniturinário
N821,Geniturinário
N822,Geniturinário
N823,Geniturinário
N824,Geniturinário
N825,Geniturinário
N828,Geniturinário
N829,Geniturinário
N83,Geniturinário
N830,Geniturinário
N831,Geniturinário
N832,Geniturinário
N833,Geniturinário
N834,Geniturinário
N835,Geniturinário
N836,Geniturinário
N837,Geniturinário
N838,Geniturinário
N839,Geniturinário
N84,Geniturinário
N840,Geniturinário
N841,Geniturinário
N842,Geniturinário
N843,Geniturinário
N848,Geniturinário
N849,Geniturinário
N85,Geniturinário
N850,Geniturinário
N851,Geniturinário
N852,Geniturinário
N853,Geniturinário
N854,Geniturinário
N855,Geniturinário
N856,Geniturinário
N857,Geniturinário
N858,Geniturinário
N859,Geniturinário
N86,Geniturinário
N87,Geniturinário
N870,Geniturinário
N871,Geniturinário
N872,Geniturinário
N879,Geniturinário
N88,Geniturinário
N880,Geniturinário
N881,Geniturinário
N882,Geniturinário
N883,Geniturinário
N884,Geniturinário
N888,Geniturinário
N889,Geniturinário
N89,Geniturinário
N890,Geniturinário
N891,Geniturinário
N892,Geniturinário
N893,Geniturinário
N894,Geniturinário
N895,Geniturinário
N896,Geniturinário
N897,Geniturinário
N898,Geniturinário
N899,Geniturinário
N90,Geniturinário
N900,Geniturinário
N901,Geniturinário
N902,Geniturinário
N903,Geniturinário
N904,Geniturinário
N905,Geniturinário
N906,Geniturinário
N907,Geniturinário
N908,Geniturinário
N909,Geniturinário
N91,Geniturinário
N910,Geniturinário
N911,Geniturinário
N912,Geniturinário
N913,Geniturinário
N914,Geniturinário
N915,Geniturinário
N92,Geniturinário
N920,Geniturinário
N921,Geniturinário
N922,Geniturinário
N923,Geniturinário
N924,Geniturinário
N925,Geniturinário
N926,Geniturinário
N93,Geniturinário
N930,Geniturinário
N938,Geniturinário
N939,Geniturinário
N94,Geniturinário
N940,Geniturinário
N941,Geniturinário
N942,Geniturinário
N943,Geniturinário
N944,Geniturinário
N945,Geniturinário
N946,Geniturinário
N948,Geniturinário
N949,Geniturinário
N95,Geniturinário
N950,Geniturinário
N951,Geniturinário
N952,Geniturinário
N953,Geniturinário
N958,Geniturinário
N959,Geniturinário
N96,Geniturinário
N97,Geniturinário
N970,Geniturinário
N971,Geniturinário
N972,Geniturinário
N973,Geniturinário
N974,Geniturinário
N978,Geniturinário
N979,Geniturinário
N98,Geniturinário
N980,Geniturinário
N981,Geniturinário
N982,Geniturinário
N983,Geniturinário
N988,Geniturinário
N989,Geniturinário
N99,Geniturinário
N990,Geniturinário
N991,Geniturinário
N992,Geniturinário
N993,Geniturinário
N994,Geniturinário
N995,Geniturinário
N998,Geniturinário
N999,Geniturinário
O00,Gravidez
O000,Gravidez
O001,Gravidez
O002,Gravidez
O008,Gravidez
O009,Gravidez
O01,Gravidez
O010,Gravidez
O011,Gravidez
O019,Gravidez
O02,Gravidez
O020,Gravidez
O021,Gravidez
O028,Gravidez
O029,Gravidez
O03,Gravidez
O030,Gravidez
O031,Gravidez
O032,Gravidez
O033,Gravidez
O034,Gravidez
O035,Gravidez
O036,Gravidez
O037,Gravidez
O038,Gravidez
O039,Gravidez
O04,Gravidez
O040,Gravidez
O041,Gravidez
O042,Gravidez
O043,Gravidez
O044,Gravidez
O045,Gravidez
O046,Gravidez
O047,Gravidez
O048,Gravidez
O049,Gravidez
O05,Gravidez
O050,Gravidez
O051,Gravidez
O052,Gravidez
O053,Gravidez
O054,Gravidez
O055,Gravidez
O056,Gravidez
O057,Gravidez
O058,Gravidez
O059,Gravidez
O06,Gravidez
O060,Gravidez
O061,Gravidez
O062,Gravidez
O063,Gravidez
O064,Gravidez
O065,Gravidez
O066,Gravidez
O067,Gravidez
O068,Gravidez
O069,Gravidez
O07,Gravidez
O070,Gravidez
O071,Gravidez
O072,Gravidez
O073,Gravidez
O074,Gravidez
O075,Gravidez
O076,Gravidez
O077,Gravidez
O078,Gravidez
O079,Gravidez
O08,Gravidez
O080,Gravidez
O081,Gravidez
O082,Gravidez
O083,Gravidez
O084,Gravidez
O085,Gravidez
O086,Gravidez
O087,Gravidez
O088,Gravidez
O089,Gravidez
O10,Gravidez
O100,Gravidez
O101,Gravidez
O102,Gravidez
O103,Gravidez
O104,Gravidez
O109,Gravidez
O11,Gravidez
O12,Gravidez
O120,Gravidez
O121,Gravidez
O122,Gravidez
O13,Gravidez
O14,Gravidez
O140,Gravidez
O141,Gravidez
O149,Gravidez
O15,Gravidez
O150,Gravidez
O151,Gravidez
O152,Gravidez
O159,Gravidez
O16,Gravidez
O20,Gravidez
O200,Gravidez
O208,Gravidez
O209,Gravidez
O21,Gravidez
O210,Gravidez
O211,Gravidez
O212,Gravidez
O218,Gravidez
O219,Gravidez
O22,Gravidez
O220,Gravidez
O221,Gravidez
O222,Gravidez
O223,Gravidez
O224,Gravidez
O225,Gravidez
O228,Gravidez
O229,Gravidez
O23,Gravidez
O230,Gravidez
O231,Gravidez
O232,Gravidez
O233,Gravidez
O234,Gravidez
O235,Gravidez
O239,Gravidez
O24,Gravidez
O240,Gravidez
O241,Gravidez
O242,Gravidez
O243,Gravidez
O244,Gravidez
O249,Gravidez
O25,Gravidez
O26,Gravidez
O260,Gravidez
O261,Gravidez
O262,Gravidez
O263,Gravidez
O264,Gravidez
O265,Gravidez
O266,Gravidez
O267,Gravidez
O268,Gravidez
O269,Gravidez
O28,Gravidez
O280,Gravidez
O281,Gravidez
O282,Gravidez
O283,Gravidez
O284,Gravidez
O285,Gravidez
O288,Gravidez
O289,Gravidez
O29,Gravidez
O290,Gravidez
O291,Gravidez
O292,Gravidez
O293,Gravidez
O294,Gravidez
O295,Gravidez
O296,Gravidez
O298,Gravidez
O299,Gravidez
O30,Gravidez
O300,Gravidez
O301,Gravidez
O302,Gravidez
O308,Gravidez
O309,Gravidez
O31,Gravidez
O310,Gravidez
O311,Gravidez
O312,Gravidez
O318,Gravidez
O32,Gravidez
O320,Gravidez
O321,Gravidez
O322,Gravidez
O323,Gravidez
O324,Gravidez
O325,Gravidez
O326,Gravidez
O328,Gravidez
O329,Gravidez
O33,Gravidez
O330,Gravidez
O331,Gravidez
O332,Gravidez
O333,Gravidez
O334,Gravidez
O335,Gravidez
O336,Gravidez
O337,Gravidez
O338,Gravidez
O339,Gravidez
O34,Gravidez
O340,Gravidez
O341,Gravidez
O342,Gravidez
O343,Gravidez
O344,Gravidez
O345,Gravidez
O346,Gravidez
O347,Gravidez
O348,Gravidez
O349,Gravidez
O35,Gravidez
O350,Gravidez
O351,Gravidez
O352,Gravidez
O353,Gravidez
O354,Gravidez
O355,Gravidez
O356,Gravidez
O357,Gravidez
O358,Gravidez
O359,Gravidez
O36,Gravidez
O360,Gravidez
O361,Gravidez
O362,Gravidez
O363,Gravidez
O364,Gravidez
O365,Gravidez
O366,Gravidez
O367,Gravidez
O368,Gravidez
O369,Gravidez
O40,Gravidez
O41,Gravidez
O410,Gravidez
O411,Gravidez
O418,Gravidez
O419,Gravidez
O42,Gravidez
O420,Gravidez
O421,Gravidez
O422,Gravidez
O429,Gravidez
O43,Gravidez
O430,Gravidez
O431,Gravidez
O438,Gravidez
O439,Gravidez
O44,Gravidez
O440,Gravidez
O441,Gravidez
O45,Gravidez
O450,Gravidez
O458,Gravidez
O459,Gravidez
O46,Gravidez
O460,Gravidez
O468,Gravidez
O469,Gravidez
O47,Gravidez
O470,Gravidez
O471,Gravidez
O479,Gravidez
O48,Gravidez
O60,Gravidez
O600,Gravidez
O601,Gravidez
O602,Gravidez
O61,Gravidez
O610,Gravidez
O611,Gravidez
O618,Gravidez
O619,Gravidez
O62,Gravidez
O620,Gravidez
O621,Gravidez
O622,Gravidez
O623,Gravidez
O624,Gravidez
O628,Gravidez
O629,Gravidez
O63,Gravidez
O630,Gravidez
O631,Gravidez
O632,Gravidez
O639,Gravidez
O64,Gravidez
O640,Gravidez
O641,Gravidez
O642,Gravidez
O643,Gravidez
O644,Gravidez
O645,Gravidez
O648,Gravidez
O649,Gravidez
O65,Gravidez
O650,Gravidez
O651,Gravidez
O652,Gravidez
O653,Gravidez
O654,Gravidez
O655,Gravidez
O658,Gravidez
O659,Gravidez
O66,Gravidez
O660,Gravidez
O661,Gravidez
O662,Gravidez
O663,Gravidez
O664,Gravidez
O665,Gravidez
O668,Gravidez
O669,Gravidez
O67,Gravidez
O670,Gravidez
O678,Gravidez
O679,Gravidez
O68,Gravidez
O680,Gravidez
O681,Gravidez
O682,Gravidez
O683,Gravidez
O688,Gravidez
O689,Gravidez
O69,Gravidez
O690,Gravidez
O691,Gravidez
O692,Gravidez
O693,Gravidez
O694,Gravidez
O695,Gravidez
O698,Gravidez
O699,Gravidez
O70,Gravidez
O700,Gravidez
O701,Gravidez
O702,Gravidez
O703,Gravidez
O709,Gravidez
O71,Gravidez
O710,Gravidez
O711,Gravidez
O712,Gravidez
O713,Gravidez
O714,Gravidez
O715,Gravidez
O716,Gravidez
O717,Gravidez
O718,Gravidez
O719,Gravidez
O72,Gravidez
O720,Gravidez
O721,Gravidez
O722,Gravidez
O723,Gravidez
O73,Gravidez
O730,Gravidez
O731,Gravidez
O74,Gravidez
O740,Gravidez
O741,Gravidez
O742,Gravidez
O743,Gravidez
O744,Gravidez
O745,Gravidez
O746,Gravidez
O747,Gravidez
O748,Gravidez
O749,Gravidez
O75,Gravidez
O750,Gravidez
O751,Gravidez
O752,Gravidez
O753,Gravidez
O754,Gravidez
O755,Gravidez
O756,Gravidez
O757,Gravidez
O758,Gravidez
O759,Gravidez
O80,Gravidez
O800,Gravidez
O801,Gravidez
O808,Gravidez
O809,Gravidez
O81,Gravidez
O810,Gravidez
O811,Gravidez
O812,Gravidez
O813,Gravidez
O814,Gravidez
O815,Gravidez
O82,Gravidez
O820,Gravidez
O821,Gravidez
O822,Gravidez
O828,Gravidez
O829,Gravidez
O83,Gravidez
O830,Gravidez
O831,Gravidez
O832,Gravidez
O833,Gravidez
O834,Gravidez
O838,Gravidez
O839,Gravidez
O84,Gravidez
O840,Gravidez
O841,Gravidez
O842,Gravidez
O848,Gravidez
O849,Gravidez
O85,Gravidez
O86,Gravidez
O860,Gravidez
O861,Gravidez
O862,Gravidez
O863,Gravidez
O864,Gravidez
O868,Gravidez
O87,Gravidez
O870,Gravidez
O871,Gravidez
O872,Gravidez
O873,Gravidez
O878,Gravidez
O879,Gravidez
O88,Gravidez
O880,Gravidez
O881,Gravidez
O882,Gravidez
O883,Gravidez
O888,Gravidez
O89,Gravidez
O890,Gravidez
O891,Gravidez
O892,Gravidez
O893,Gravidez
O894,Gravidez
O895,Gravidez
O896,Gravidez
O898,Gravidez
O899,Gravidez
O90,Gravidez
O900,Gravidez
O901,Gravidez
O902,Gravidez
O903,Gravidez
O904,Gravidez
O905,Gravidez
O908,Gravidez
O909,Gravidez
O91,Gravidez
O910,Gravidez
O911,Gravidez
O912,Gravidez
O92,Gravidez
O920,Gravidez
O921,Gravidez
O922,Gravidez
O923,Gravidez
O924,Gravidez
O925,Gravidez
O926,Gravidez
O927,Gravidez
O94,Gravidez
O95,Gravidez
O96,Gravidez
O97,Gravidez
O98,Gravidez
O980,Gravidez
O981,Gravidez
O982,Gravidez
O983,Gravidez
O984,Gravidez
O985,Gravidez
O986,Gravidez
O988,Gravidez
O989,Gravidez
O99,Gravidez
O990,Gravidez
O991,Gravidez
O992,Gravidez
O993,Gravidez
O994,Gravidez
O995,Gravidez
O996,Gravidez
O997,Gravidez
O998,Gravidez
P00,Perinatal
P000,Perinatal
P001,Perinatal
P002,Perinatal
P003,Perinatal
P004,Perinatal
P005,Perinatal
P006,Perinatal
P007,Perinatal
P008,Perinatal
P009,Perinatal
P01,Perinatal
P010,Perinatal
P011,Perinatal
P012,Perinatal
P013,Perinatal
P014,Perinatal
P015,Perinatal
P016,Perinatal
P017,Perinatal
P018,Perinatal
P019,Perinatal
P02,Perinatal
P020,Perinatal
P021,Perinatal
P022,Perinatal
P023,Perinatal
P024,Perinatal
P025,Perinatal
P026,Perinatal
P027,Perinatal
P028,Perinatal
P029,Perinatal
P03,Perinatal
P030,Perinatal
P031,Perinatal
P032,Perinatal
P033,Perinatal
P034,Perinatal
P035,Perinatal
P036,Perinatal
P038,Perinatal
P039,Perinatal
P04,Perinatal
P040,Perinatal
P041,Perinatal
P042,Perinatal
P043,Perinatal
P044,Perinatal
P045,Perinatal
P046,Perinatal
P048,Perinatal
P049,Perinatal
P05,Perinatal
P050,Perinatal
P051,Perinatal
P052,Perinatal
P059,Perinatal
P07,Perinatal
P070,Perinatal
P071,Perinatal
P072,Perinatal
P073,Perinatal
P08,Perinatal
P080,Perinatal
P081,Perinatal
P082,Perinatal
P10,Perinatal
P100,Perinatal
P101,Perinatal
P102,Perinatal
P103,Perinatal
P104,Perinatal
P108,Perinatal
P109,Perinatal
P11,Perinatal
P110,Perinatal
P111,Perinatal
P112,Perinatal
P113,Perinatal
P114,Perinatal
P115,Perinatal
P119,Perinatal
P12,Perinatal
P120,Perinatal
P121,Perinatal
P122,Perinatal
P123,Perinatal
P124,Perinatal
P128,Perinatal
P129,Perinatal
P13,Perinatal
P130,Perinatal
P131,Perinatal
P132,Perinatal
P133,Perinatal
P134,Perinatal
P138,Perinatal
P139,Perinatal
P14,Perinatal
P140,Perinatal
P141,Perinatal
P142,Perinatal
P143,Perinatal
P148,Perinatal
P149,Perinatal
P15,Perinatal
P150,Perinatal
P151,Perinatal
P152,Perinatal
P153,Perinatal
P154,Perinatal
P155,Perinatal
P156,Perinatal
P158,Perinatal
P159,Perinatal
P20,Perinatal
P200,Perinatal
P201,Perinatal
P209,Perinatal
P21,Perinatal
P210,Perinatal
P211,Perinatal
P219,Perinatal
P22,Perinatal
P220,Perinatal
P221,Perinatal
P228,Perinatal
P229,Perinatal
P23,Perinatal
P230,Perinatal
P231,Perinatal
P232,Perinatal
P233,Perinatal
P234,Perinatal
P235,Perinatal
P236,Perinatal
P238,Perinatal
P239,Perinatal
P24,Perinatal
P240,Perinatal
P241,Perinatal
P242,Perinatal
P243,Perinatal
P248,Perinatal
P249,Perinatal
P25,Perinatal
P250,Perinatal
P251,Perinatal
P252,Perinatal
P253,Perinatal
P258,Perinatal
P26,Perinatal
P260,Perinatal
P261,Perinatal
P268,Perinatal
P269,Perinatal
P27,Perinatal
P270,Perinatal
P271,Perinatal
P278,Perinatal
P279,Perinatal
P28,Perinatal
P280,Perinatal
P281,Perinatal
P282,Perinatal
P283,Perinatal
P284,Perinatal
P285,Perinatal
P288,Perinatal
P289,Perinatal
P29,Perinatal
P290,Perinatal
P291,Perinatal
P292,Perinatal
P293,Perinatal
P294,Perinatal
P298,Perinatal
P299,Perinatal
P35,Perinatal
P350,Perinatal
P351,Perinatal
P352,Perinatal
P353,Perinatal
P358,Perinatal
P359,Perinatal
P36,Perinatal
P360,Perinatal
P361,Perinatal
P362,Perinatal
P363,Perinatal
P364,Perinatal
P365,Perinatal
P368,Perinatal
P369,Perinatal
P37,Perinatal
P370,Perinatal
P371,Perinatal
P372,Perinatal
P373,Perinatal
P374,Perinatal
P375,Perinatal
P378,Perinatal
P379,Perinatal
P38,Perinatal
P39,Perinatal
P390,Perinatal
P391,Perinatal
P392,Perinatal
P393,Perinatal
P394,Perinatal
P398,Perinatal
P399,Perinatal
P50,Perinatal
P500,Perinatal
P501,Perinatal
P502,Perinatal
P503,Perinatal
P504,Perinatal
P505,Perinatal
P508,Perinatal
P509,Perinatal
P51,Perinatal
P510,Perinatal
P518,Perinatal
P519,Perinatal
P52,Perinatal
P520,Perinatal
P521,Perinatal
P522,Perinatal
P523,Perinatal
P524,Perinatal
P525,Perinatal
P526,Perinatal
P528,Perinatal
P529,Perinatal
P53,Perinatal
P54,Perinatal
P540,Perinatal
P541,Perinatal
P542,Perinatal
P543,Perinatal
P544,Perinatal
P545,Perinatal
P546,Perinatal
P548,Perinatal
P549,Perinatal
P55,Perinatal
P550,Perinatal
P551,Perinatal
P558,Perinatal
P559,Perinatal
P56,Perinatal
P560,Perinatal
P569,Perinatal
P57,Perinatal
P570,Perinatal
P578,Perinatal
P579,Perinatal
P58,Perinatal
P580,Perinatal
P581,Perinatal
P582,Perinatal
P583,Perinatal
P584,Perinatal
P585,Perinatal
P588,Perinatal
P589,Perinatal
P59,Perinatal
P590,Perinatal
P591,Perinatal
P592,Perinatal
P593,Perinatal
P598,Perinatal
P599,Perinatal
P60,Perinatal
P61,Perinatal
P610,Perinatal
P611,Perinatal
P612,Perinatal
P613,Perinatal
P614,Perinatal
P615,Perinatal
P616,Perinatal
P618,Perinatal
P619,Perinatal
P70,Perinatal
P700,Perinatal
P701,Perinatal
P702,Perinatal
P703,Perinatal
P704,Perinatal
P708,Perinatal
P709,Perinatal
P71,Perinatal
P710,Perinatal
P711,Perinatal
P712,Perinatal
P713,Perinatal
P714,Perinatal
P718,Perinatal
P719,Perinatal
P72,Perinatal
P720,Perinatal
P721,Perinatal
P722,Perinatal
P728,Perinatal
P729,Perinatal
P74,Perinatal
P740,Perinatal
P741,Perinatal
P742,Perinatal
P743,Perinatal
P744,Perinatal
P745,Perinatal
P748,Perinatal
P749,Perinatal
P75,Perinatal
P76,Perinatal
P760,Perinatal
P761,Perinatal
P762,Perinatal
P768,Perinatal
P769,Perinatal
P77,Perinatal
P78,Perinatal
P780,Perinatal
P781,Perinatal
P782,Perinatal
P783,Perinatal
P788,Perinatal
P789,Perinatal
P80,Perinatal
P800,Perinatal
P808,Perinatal
P809,Perinatal
P81,Perinatal
P810,Perinatal
P818,Perinatal
P819,Perinatal
P83,Perinatal
P830,Perinatal
P831,Perinatal
P832,Perinatal
P833,Perinatal
P834,Perinatal
P835,Perinatal
P836,Perinatal
P838,Perinatal
P839,Perinatal
P90,Perinatal
P91,Perinatal
P910,Perinatal
P911,Perinatal
P912,Perinatal
P913,Perinatal
P914,Perinatal
P915,Perinatal
P916,Perinatal
P918,Perinatal
P919,Perinatal
P92,Perinatal
P920,Perinatal
P921,Perinatal
P922,Perinatal
P923,Perinatal
P924,Perinatal
P925,Perinatal
P928,Perinatal
P929,Perinatal
P93,Perinatal
P94,Perinatal
P940,Perinatal
P941,Perinatal
P942,Perinatal
P948,Perinatal
P949,Perinatal
P95,Perinatal
P96,Perinatal
P960,Perinatal
P961,Perinatal
P962,Perinatal
P963,Perinatal
P964,Perinatal
P965,Perinatal
P968,Perinatal
P969,Perinatal
Q00,Congênitas
Q000,Congênitas
Q001,Congênitas
Q002,Congênitas
Q01,Congênitas
Q010,Congênitas
Q011,Congênitas
Q012,Congênitas
Q018,Congênitas
Q019,Congênitas
Q02,Congênitas
Q03,Congênitas
Q030,Congênitas
Q031,Congênitas
Q038,Congênitas
Q039,Congênitas
Q04,Congênitas
Q040,Congênitas
Q041,Congênitas
Q042,Congênitas
Q043,Congênitas
Q044,Congênitas
Q045,Congênitas
Q046,Congênitas
Q048,Congênitas
Q049,Congênitas
Q05,Congênitas
Q050,Congênitas
Q051,Congênitas
Q052,Congênitas
Q053,Congênitas
Q054,Congênitas
Q055,Congênitas
Q056,Congênitas
Q057,Congênitas
Q058,Congênitas
Q059,Congênitas
Q06,Congênitas
Q060,Congênitas
Q061,Congênitas
Q062,Congênitas
Q063,Congênitas
Q064,Congênitas
Q068,Congênitas
Q069,Congênitas
Q07,Congênitas
Q070,Congênitas
Q078,Congênitas
Q079,Congênitas
Q10,Congênitas
Q100,Congênitas
Q101,Congênitas
Q102,Congênitas
Q103,Congênitas
Q104,Congênitas
Q105,Congênitas
Q106,Congênitas
Q107,Congênitas
Q11,Congênitas
Q110,Congênitas
Q111,Congênitas
Q112,Congênitas
Q113,Congênitas
Q12,Congênitas
Q120,Congênitas
Q121,Congênitas
Q122,Congênitas
Q123,Congênitas
Q124,Congênitas
Q128,Congênitas
Q129,Congênitas
Q13,Congênitas
Q130,Congênitas
Q131,Congênitas
Q132,Congênitas
Q133,Congênitas
Q134,Congênitas
Q135,Congênitas
Q138,Congênitas
Q139,Congênitas
Q14,Congênitas
Q140,Congênitas
Q141,Congênitas
Q142,Congênitas
Q143,Congênitas
Q148,Congênitas
Q149,Congênitas
Q15,Congênitas
Q150,Congênitas
Q158,Congênitas
Q159,Congênitas
Q16,Congênitas
Q160,Congênitas
Q161,Congênitas
Q162,Congênitas
Q163,Congênitas
Q164,Congênitas
Q165,Congênitas
Q169,Congênitas
Q17,Congênitas
Q170,Congênitas
Q171,Congênitas
Q172,Congênitas
Q173,Congênitas
Q174,Congênitas
Q175,Congênitas
Q178,Congênitas
Q179,Congênitas
Q18,Congênitas
Q180,Congênitas
Q181,Congênitas
Q182,Congênitas
Q183,Congênitas
Q184,Congênitas
Q185,Congênitas
Q186,Congênitas
Q187,Congênitas
Q188,Congênitas
Q189,Congênitas
Q20,Congênitas
Q200,Congênitas
Q201,Congênitas
Q202,Congênitas
Q203,Congênitas
Q204,Congênitas
Q205,Congênitas
Q206,Congênitas
Q208,Congênitas
Q209,Congênitas
Q21,Congênitas
Q210,Congênitas
Q211,Congênitas
Q212,Congênitas
Q213,Congênitas
Q214,Congênitas
Q218,Congênitas
Q219,Congênitas
Q22,Congênitas
Q220,Congênitas
Q221,Congênitas
Q222,Congênitas
Q223,Congênitas
Q224,Congênitas
Q225,Congênitas
Q226,Congênitas
Q228,Congênitas
Q229,Congênitas
Q23,Congênitas
Q230,Congênitas
Q231,Congênitas
Q232,Congênitas
Q233,Congênitas
Q234,Congênitas
Q238,Congênitas
Q239,Congênitas
Q24,Congênitas
Q240,Congênitas
Q241,Congênitas
Q242,Congênitas
Q243,Congênitas
Q244,Congênitas
Q245,Congênitas
Q246,Congênitas
Q248,Congênitas
Q249,Congênitas
Q25,Congênitas
Q250,Congênitas
Q251,Congênitas
Q252,Congênitas
Q253,Congênitas
Q254,Congênitas
Q255,Congênitas
Q256,Congênitas
Q257,Congênitas
Q258,Congênitas
Q259,Congênitas
Q26,Congênitas
Q260,Congênitas
Q261,Congênitas
Q262,Congênitas
Q263,Congênitas
Q264,Congênitas
Q265,Congênitas
Q266,Congênitas
Q268,Congênitas
Q269,Congênitas
Q27,Congênitas
Q270,Congênitas
Q271,Congênitas
Q272,Congênitas
Q273,Congênitas
Q274,Congênitas
Q278,Congênitas
Q279,Congênitas
Q28,Congênitas
Q280,Congênitas
Q281,Congênitas
Q282,Congênitas
Q283,Congênitas
Q288,Congênitas
Q289,Congênitas
Q30,Congênitas
Q300,Congênitas
Q301,Congênitas
Q302,Congênitas
Q303,Congênitas
Q308,Congênitas
Q309,Congênitas
Q31,Congênitas
Q310,Congênitas
Q311,Congênitas
Q312,Congênitas
Q313,Congênitas
Q315,Congênitas
Q318,Congênitas
Q319,Congênitas
Q32,Congênitas
Q320,Congênitas
Q321,Congênitas
Q322,Congênitas
Q323,Congênitas
Q324,Congênitas
Q33,Congênitas
Q330,Congênitas
Q331,Congênitas
Q332,Congênitas
Q333,Congênitas
Q334,Congênitas
Q335,Congênitas
Q336,Congênitas
Q338,Congênitas
Q339,Congênitas
Q34,Congênitas
Q340,Congênitas
Q341,Congênitas
Q348,Congênitas
Q349,Congênitas
Q35,Congênitas
Q351,Congênitas
Q353,Congênitas
Q355,Congênitas
Q357,Congênitas
Q359,Congênitas
Q36,Congênitas
Q360,Congênitas
Q361,Congênitas
Q369,Congênitas
Q37,Congênitas
Q370,Congênitas
Q371,Congênitas
Q372,Congênitas
Q373,Congênitas
Q374,Congênitas
Q375,Congênitas
Q378,Congênitas
Q379,Congênitas
Q38,Congênitas
Q380,Congênitas
Q381,Congênitas
Q382,Congênitas
Q383,Congênitas
Q384,Congênitas
Q385,Congênitas
Q386,Congênitas
Q387,Congênitas
Q388,Congênitas
Q39,Congênitas
Q390,Congênitas
Q391,Congênitas
Q392,Congênitas
Q393,Congênitas
Q394,Congênitas
Q395,Congênitas
Q396,Congênitas
Q398,Congênitas
Q399,Congênitas
Q40,Congênitas
Q400,Congênitas
Q401,Congênitas
Q402,Congênitas
Q403,Congênitas
Q408,Congênitas
Q409,Congênitas
Q41,Congênitas
Q410,Congênitas
Q411,Congênitas
Q412,Congênitas
Q418,Congênitas
Q419,Congênitas
Q42,Congênitas
Q420,Congênitas
Q421,Congênitas
Q422,Congênitas
Q423,Congênitas
Q428,Congênitas
Q429,Congênitas
Q43,Congênitas
Q430,Congênitas
Q431,Congênitas
Q432,Congênitas
Q433,Congênitas
Q434,Congênitas
Q435,Congênitas
Q436,Congênitas
Q437,Congênitas
Q438,Congênitas
Q439,Congênitas
Q44,Congênitas
Q440,Congênitas
Q441,Congênitas
Q442,Congênitas
Q443,Congênitas
Q444,Congênitas
Q445,Congênitas
Q446,Congênitas
Q447,Congênitas
Q45,Congênitas
Q450,Congênitas
Q451,Congênitas
Q452,Congênitas
Q453,Congênitas
Q458,Congênitas
Q459,Congênitas
Q50,Congênitas
Q500,Congênitas
Q501,Congênitas
Q502,Congênitas
Q503,Congênitas
Q504,Congênitas
Q505,Congênitas
Q506,Congênitas
Q51,Congênitas
Q510,Congênitas
Q511,Congênitas
Q512,Congênitas
Q513,Congênitas
Q514,Congênitas
Q515,Congênitas
Q516,Congênitas
Q517,Congênitas
Q518,Congênitas
Q519,Congênitas
Q52,Congênitas
Q520,Congênitas
Q521,Congênitas
Q522,Congênitas
Q523,Congênitas
Q524,Congênitas
Q525,Congênitas
Q526,Congênitas
Q527,Congênitas
Q528,Congênitas
Q529,Congênitas
Q53,Congênitas
Q530,Congênitas
Q531,Congênitas
Q532,Congênitas
Q539,Congênitas
Q54,Congênitas
Q540,Congênitas
Q541,Congênitas
Q542,Congênitas
Q543,Congênitas
Q544,Congênitas
Q548,Congênitas
Q549,Congênitas
Q55,Congênitas
Q550,Congênitas
Q551,Congênitas
Q552,Congênitas
Q553,Congênitas
Q554,Congênitas
Q555,Congênitas
Q556,Congênitas
Q558,Congênitas
Q559,Congênitas
Q56,Congênitas
Q560,Congênitas
Q561,Congênitas
Q562,Congênitas
Q563,Congênitas
Q564,Congênitas
Q60,Congênitas
Q600,Congênitas
Q601,Congênitas
Q602,Congênitas
Q603,Congênitas
Q604,Congênitas
Q605,Congênitas
Q606,Congênitas
Q61,Congênitas
Q610,Congênitas
Q611,Congênitas
Q612,Congênitas
Q613,Congênitas
Q614,Congênitas
Q615,Congênitas
Q618,Congênitas
Q619,Congênitas
Q62,Congênitas
Q620,Congênitas
Q621,Congênitas
Q622,Congênitas
Q623,Congênitas
Q624,Congênitas
Q625,Congênitas
Q626,Congênitas
Q627,Congênitas
Q628,Congênitas
Q63,Congênitas
Q630,Congênitas
Q631,Congênitas
Q632,Congênitas
Q633,Congênitas
Q638,Congênitas
Q639,Congênitas
Q64,Congênitas
Q640,Congênitas
Q641,Congênitas
Q642,Congênitas
Q643,Congênitas
Q644,Congênitas
Q645,Congênitas
Q646,Congênitas
Q647,Congênitas
Q648,Congênitas
Q649,Congênitas
Q65,Congênitas
Q650,Congênitas
Q651,Congênitas
Q652,Congênitas
Q653,Congênitas
Q654,Congênitas
Q655,Congênitas
Q656,Congênitas
Q658,Congênitas
Q659,Congênitas
Q66,Congênitas
Q660,Congênitas
Q661,Congênitas
Q662,Congênitas
Q663,Congênitas
Q664,Congênitas
Q665,Congênitas
Q666,Congênitas
Q667,Congênitas
Q668,Congênitas
Q669,Congênitas
Q67,Congênitas
Q670,Congênitas
Q671,Congênitas
Q672,Congênitas
Q673,Congênitas
Q674,Congênitas
Q675,Congênitas
Q676,Congênitas
Q677,Congênitas
Q678,Congênitas
Q68,Congênitas
Q680,Congênitas
Q681,Congênitas
Q682,Congênitas
Q683,Congênitas
Q684,Congênitas
Q685,Congênitas
Q688,Congênitas
Q69,Congênitas
Q690,Congênitas
Q691,Congênitas
Q692,Congênitas
Q699,Congênitas
Q70,Congênitas
Q700,Congênitas
Q701,Congênitas
Q702,Congênitas
Q703,Congênitas
Q704,Congênitas
Q709,Congênitas
Q71,Congênitas
Q710,Congênitas
Q711,Congênitas
Q712,Congênitas
Q713,Congênitas
Q714,Congênitas
Q715,Congênitas
Q716,Congênitas
Q718,Congênitas
Q719,Congênitas
Q72,Congênitas
Q720,Congênitas
Q721,Congênitas
Q722,Congênitas
Q723,Congênitas
Q724,Congênitas
Q725,Congênitas
Q726,Congênitas
Q727,Congênitas
Q728,Congênitas
Q729,Congênitas
Q73,Congênitas
Q730,Congênitas
Q731,Congênitas
Q738,Congênitas
Q74,Congênitas
Q740,Congênitas
Q741,Congênitas
Q742,Congênitas
Q743,Congênitas
Q748,Congênitas
Q749,Congênitas
Q75,Congênitas
Q750,Congênitas
Q751,Congênitas
Q752,Congênitas
Q753,Congênitas
Q754,Congênitas
Q755,Congênitas
Q758,Congênitas
Q759,Congênitas
Q76,Congênitas
Q760,Congênitas
Q761,Congênitas
Q762,Congênitas
Q763,Congênitas
Q764,Congênitas
Q765,Congênitas
Q766,Congênitas
Q767,Congênitas
Q768,Congênitas
Q769,Congênitas
Q77,Congênitas
Q770,Congênitas
Q771,Congênitas
Q772,Congênitas
Q773,Congênitas
Q774,Congênitas
Q775,Congênitas
Q776,Congênitas
Q777,Congênitas
Q778,Congênitas
Q779,Congênitas
Q78,Congênitas
Q780,Congênitas
Q781,Congênitas
Q782,Congênitas
Q783,Congênitas
Q784,Congênitas
Q785,Congênitas
Q786,Congênitas
Q788,Congênitas
Q789,Congênitas
Q79,Congênitas
Q790,Congênitas
Q791,Congênitas
Q792,Congênitas
Q793,Congênitas
Q794,Congênitas
Q795,Congênitas
Q796,Congênitas
Q798,Congênitas
Q799,Congênitas
Q80,Congênitas
Q800,Congênitas
Q801,Congênitas
Q802,Congênitas
Q803,Congênitas
Q804,Congênitas
Q808,Congênitas
Q809,Congênitas
Q81,Congênitas
Q810,Congênitas
Q811,Congênitas
Q812,Congênitas
Q818,Congênitas
Q819,Congênitas
Q82,Congênitas
Q820,Congênitas
Q821,Congênitas
Q822,Congênitas
Q823,Congênitas
Q824,Congênitas
Q825,Congênitas
Q828,Congênitas
Q829,Congênitas
Q83,Congênitas
Q830,Congênitas
Q831,Congênitas
Q832,Congênitas
Q833,Congênitas
Q838,Congênitas
Q839,Congênitas
Q84,Congênitas
Q840,Congênitas
Q841,Congênitas
Q842,Congênitas
Q843,Congênitas
Q844,Congênitas
Q845,Congênitas
Q846,Congênitas
Q848,Congênitas
Q849,Congênitas
Q85,Congênitas
Q850,Congênitas
Q851,Congênitas
Q858,Congênitas
Q859,Congênitas
Q86,Congênitas
Q860,Congênitas
Q861,Congênitas
Q862,Congênitas
Q868,Congênitas
Q87,Congênitas
Q870,Congênitas
Q871,Congênitas
Q872,Congênitas
Q873,Congênitas
Q874,Congênitas
Q875,Congênitas
Q878,Congênitas
Q89,Congênitas
Q890,Congênitas
Q891,Congênitas
Q892,Congênitas
Q893,Congênitas
Q894,Congênitas
Q897,Congênitas
Q898,Congênitas
Q899,Congênitas
Q90,Congênitas
Q900,Congênitas
Q901,Congênitas
Q902,Congênitas
Q909,Congênitas
Q91,Congênitas
Q910,Congênitas
Q911,Congênitas
Q912,Congênitas
Q913,Congênitas
Q914,Congênitas
Q915,Congênitas
Q916,Congênitas
Q917,Congênitas
Q92,Congênitas
Q920,Congênitas
Q921,Congênitas
Q922,Congênitas
Q923,Congênitas
Q924,Congênitas
Q925,Congênitas
Q926,Congênitas
Q927,Congênitas
Q928,Congênitas
Q929,Congênitas
Q93,Congênitas
Q930,Congênitas
Q931,Congênitas
Q932,Congênitas
Q933,Congênitas
Q934,Congênitas
Q935,Congênitas
Q936,Congênitas
Q937,Congênitas
Q938,Congênitas
Q939,Congênitas
Q95,Congênitas
Q950,Congênitas
Q951,Congênitas
Q952,Congênitas
Q953,Congênitas
Q954,Congênitas
Q955,Congênitas
Q958,Congênitas
Q959,Congênitas
Q96,Congênitas
Q960,Congênitas
Q961,Congênitas
Q962,Congênitas
Q963,Congênitas
Q964,Congênitas
Q968,Congênitas
Q969,Congênitas
Q97,Congênitas
Q970,Congênitas
Q971,Congênitas
Q972,Congênitas
Q973,Congênitas
Q978,Congênitas
Q979,Congênitas
Q98,Congênitas
Q980,Congênitas
Q981,Congênitas
Q982,Congênitas
Q983,Congênitas
Q984,Congênitas
Q985,Congênitas
Q986,Congênitas
Q987,Congênitas
Q988,Congênitas
Q989,Congênitas
Q99,Congênitas
Q990,Congênitas
Q991,Congênitas
Q992,Congênitas
Q998,Congênitas
Q999,Congênitas
R00,Sintomas
R000,Sintomas
R001,Sintomas
R002,Sintomas
R008,Sintomas
R01,Sintomas
R010,Sintomas
R011,Sintomas
R012,Sintomas
R02,Sintomas
R03,Sintomas
R030,Sintomas
R031,Sintomas
R04,Sintomas
R040,Sintomas
R041,Sintomas
R042,Sintomas
R048,Sintomas
R049,Sintomas
R05,Sintomas
R06,Sintomas
R060,Sintomas
R061,Sintomas
R062,Sintomas
R063,Sintomas
R064,Sintomas
R065,Sintomas
R066,Sintomas
R067,Sintomas
R068,Sintomas
R07,Sintomas
R070,Sintomas
R071,Sintomas
R072,Sintomas
R073,Sintomas
R074,Sintomas
R09,Sintomas
R090,Sintomas
R091,Sintomas
R092,Sintomas
R093,Sintomas
R098,Sintomas
R10,Sintomas
R100,Sintomas
R101,Sintomas
R102,Sintomas
R103,Sintomas
R104,Sintomas
R11,Sintomas
R12,Sintomas
R13,Sintomas
R14,Sintomas
R15,Sintomas
R16,Sintomas
R160,Sintomas
R161,Sintomas
R162,Sintomas
R17,Sintomas
R18,Sintomas
R19,Sintomas
R190,Sintomas
R191,Sintomas
R192,Sintomas
R193,Sintomas
R194,Sintomas
R195,Sintomas
R196,Sintomas
R198,Sintomas
R20,Sintomas
R200,Sintomas
R201,Sintomas
R202,Sintomas
R203,Sintomas
R208,Sintomas
R21,Sintomas
R22,Sintomas
R220,Sintomas
R221,Sintomas
R222,Sintomas
R223,Sintomas
R224,Sintomas
R227,Sintomas
R229,Sintomas
R23,Sintomas
R230,Sintomas
R231,Sintomas
R232,Sintomas
R233,Sintomas
R234,Sintomas
R238,Sintomas
R25,Sintomas
R250,Sintomas
R251,Sintomas
R252,Sintomas
R253,Sintomas
R258,Sintomas
R26,Sintomas
R260,Sintomas
R261,Sintomas
R262,Sintomas
R268,Sintomas
R27,Sintomas
R270,Sintomas
R278,Sintomas
R29,Sintomas
R290,Sintomas
R291,Sintomas
R292,Sintomas
R293,Sintomas
R294,Sintomas
R296,sintomas 
R298,Sintomas
R30,Sintomas
R300,Sintomas
R301,Sintomas
R309,Sintomas
R31,Sintomas
R32,Sintomas
R33,Sintomas
R34,Sintomas
R35,Sintomas
R36,Sintomas
R39,Sintomas
R390,Sintomas
R391,Sintomas
R392,Sintomas
R398,Sintomas
R40,Sintomas
R400,Sintomas
R401,Sintomas
R402,Sintomas
R41,Sintomas
R410,Sintomas
R411,Sintomas
R412,Sintomas
R413,Sintomas
R418,Sintomas
R42,Sintomas
R43,Sintomas
R430,Sintomas
R431,Sintomas
R432,Sintomas
R438,Sintomas
R44,Sintomas
R440,Sintomas
R441,Sintomas
R442,Sintomas
R443,Sintomas
R448,Sintomas
R45,Sintomas
R450,Sintomas
R451,Sintomas
R452,Sintomas
R453,Sintomas
R454,Sintomas
R455,Sintomas
R456,Sintomas
R457,Sintomas
R458,Sintomas
R46,Sintomas
R460,Sintomas
R461,Sintomas
R462,Sintomas
R463,Sintomas
R464,Sintomas
R465,Sintomas
R466,Sintomas
R467,Sintomas
R468,Sintomas
R47,Sintomas
R470,Sintomas
R471,Sintomas
R478,Sintomas
R48,Sintomas
R480,Sintomas
R481,Sintomas
R482,Sintomas
R488,Sintomas
R49,Sintomas
R490,Sintomas
R491,Sintomas
R492,Sintomas
R498,Sintomas
R50,Sintomas
R502,Sintomas
R508,sintomas
R509,Sintomas
R51,Sintomas
R52,Sintomas
R520,Sintomas
R521,Sintomas
R522,Sintomas
R529,Sintomas
R53,Sintomas
R54,Sintomas
R55,Sintomas
R56,Sintomas
R560,Sintomas
R568,Sintomas
R57,Sintomas
R570,Sintomas
R571,Sintomas
R578,Sintomas
R579,Sintomas
R58,Sintomas
R59,Sintomas
R590,Sintomas
R591,Sintomas
R599,Sintomas
R60,Sintomas
R600,Sintomas
R601,Sintomas
R609,Sintomas
R61,Sintomas
R610,Sintomas
R611,Sintomas
R619,Sintomas
R62,Sintomas
R620,Sintomas
R628,Sintomas
R629,Sintomas
R63,Sintomas
R630,Sintomas
R631,Sintomas
R632,Sintomas
R633,Sintomas
R634,Sintomas
R635,Sintomas
R638,Sintomas
R64,Sintomas
R68,Sintomas
R680,Sintomas
R681,Sintomas
R682,Sintomas
R683,Sintomas
R688,Sintomas
R69,Sintomas
R70,Sintomas
R700,Sintomas
R701,Sintomas
R71,Sintomas
R72,Sintomas
R73,Sintomas
R730,Sintomas
R739,Sintomas
R74,Sintomas
R740,Sintomas
R748,Sintomas
R749,Sintomas
R75,Sintomas
R76,Sintomas
R760,Sintomas
R761,Sintomas
R762,Sintomas
R768,Sintomas
R769,Sintomas
R77,Sintomas
R770,Sintomas
R771,Sintomas
R772,Sintomas
R778,Sintomas
R779,Sintomas
R78,Sintomas
R780,Sintomas
R781,Sintomas
R782,Sintomas
R783,Sintomas
R784,Sintomas
R785,Sintomas
R786,Sintomas
R787,Sintomas
R788,Sintomas
R789,Sintomas
R79,Sintomas
R790,Sintomas
R798,Sintomas
R799,Sintomas
R80,Sintomas
R81,Sintomas
R82,Sintomas
R820,Sintomas
R821,Sintomas
R822,Sintomas
R823,Sintomas
R824,Sintomas
R825,Sintomas
R826,Sintomas
R827,Sintomas
R828,Sintomas
R829,Sintomas
R83,Sintomas
R830,Sintomas
R831,Sintomas
R832,Sintomas
R833,Sintomas
R834,Sintomas
R835,Sintomas
R836,Sintomas
R837,Sintomas
R838,Sintomas
R839,Sintomas
R84,Sintomas
R840,Sintomas
R841,Sintomas
R842,Sintomas
R843,Sintomas
R844,Sintomas
R845,Sintomas
R846,Sintomas
R847,Sintomas
R848,Sintomas
R849,Sintomas
R85,Sintomas
R850,Sintomas
R851,Sintomas
R852,Sintomas
R853,Sintomas
R854,Sintomas
R855,Sintomas
R856,Sintomas
R857,Sintomas
R858,Sintomas
R859,Sintomas
R86,Sintomas
R860,Sintomas
R861,Sintomas
R862,Sintomas
R863,Sintomas
R864,Sintomas
R865,Sintomas
R866,Sintomas
R867,Sintomas
R868,Sintomas
R869,Sintomas
R87,Sintomas
R870,Sintomas
R871,Sintomas
R872,Sintomas
R873,Sintomas
R874,Sintomas
R875,Sintomas
R876,Sintomas
R877,Sintomas
R878,Sintomas
R879,Sintomas
R89,Sintomas
R890,Sintomas
R891,Sintomas
R892,Sintomas
R893,Sintomas
R894,Sintomas
R895,Sintomas
R896,Sintomas
R897,Sintomas
R898,Sintomas
R899,Sintomas
R90,Sintomas
R900,Sintomas
R908,Sintomas
R91,Sintomas
R92,Sintomas
R93,Sintomas
R930,Sintomas
R931,Sintomas
R932,Sintomas
R933,Sintomas
R934,Sintomas
R935,Sintomas
R936,Sintomas
R937,Sintomas
R938,Sintomas
R94,Sintomas
R940,Sintomas
R941,Sintomas
R942,Sintomas
R943,Sintomas
R944,Sintomas
R945,Sintomas
R946,Sintomas
R947,Sintomas
R948,Sintomas
R95,Sintomas
R96,Sintomas
R960,Sintomas
R961,Sintomas
R98,Sintomas
R99,Sintomas
S00,Lesões
S000,Lesões
S001,Lesões
S002,Lesões
S003,Lesões
S004,Lesões
S005,Lesões
S007,Lesões
S008,Lesões
S009,Lesões
S01,Lesões
S010,Lesões
S011,Lesões
S012,Lesões
S013,Lesões
S014,Lesões
S015,Lesões
S017,Lesões
S018,Lesões
S019,Lesões
S02,Lesões
S020,Lesões
S021,Lesões
S022,Lesões
S023,Lesões
S024,Lesões
S025,Lesões
S026,Lesões
S027,Lesões
S028,Lesões
S029,Lesões
S03,Lesões
S030,Lesões
S031,Lesões
S032,Lesões
S033,Lesões
S034,Lesões
S035,Lesões
S04,Lesões
S040,Lesões
S041,Lesões
S042,Lesões
S043,Lesões
S044,Lesões
S045,Lesões
S046,Lesões
S047,Lesões
S048,Lesões
S049,Lesões
S05,Lesões
S050,Lesões
S051,Lesões
S052,Lesões
S053,Lesões
S054,Lesões
S055,Lesões
S056,Lesões
S057,Lesões
S058,Lesões
S059,Lesões
S06,Lesões
S060,Lesões
S061,Lesões
S062,Lesões
S063,Lesões
S064,Lesões
S065,Lesões
S066,Lesões
S067,Lesões
S068,Lesões
S069,Lesões
S07,Lesões
S070,Lesões
S071,Lesões
S078,Lesões
S079,Lesões
S08,Lesões
S080,Lesões
S081,Lesões
S088,Lesões
S089,Lesões
S09,Lesões
S090,Lesões
S091,Lesões
S092,Lesões
S097,Lesões
S098,Lesões
S099,Lesões
S10,Lesões
S100,Lesões
S101,Lesões
S107,Lesões
S108,Lesões
S109,Lesões
S11,Lesões
S110,Lesões
S111,Lesões
S112,Lesões
S117,Lesões
S118,Lesões
S119,Lesões
S12,Lesões
S120,Lesões
S121,Lesões
S122,Lesões
S127,Lesões
S128,Lesões
S129,Lesões
S13,Lesões
S130,Lesões
S131,Lesões
S132,Lesões
S133,Lesões
S134,Lesões
S135,Lesões
S136,Lesões
S14,Lesões
S140,Lesões
S141,Lesões
S142,Lesões
S143,Lesões
S144,Lesões
S145,Lesões
S146,Lesões
S15,Lesões
S150,Lesões
S151,Lesões
S152,Lesões
S153,Lesões
S157,Lesões
S158,Lesões
S159,Lesões
S16,Lesões
S17,Lesões
S170,Lesões
S178,Lesões
S179,Lesões
S18,Lesões
S19,Lesões
S197,Lesões
S198,Lesões
S199,Lesões
S20,Lesões
S200,Lesões
S201,Lesões
S202,Lesões
S203,Lesões
S204,Lesões
S207,Lesões
S208,Lesões
S21,Lesões
S210,Lesões
S211,Lesões
S212,Lesões
S217,Lesões
S218,Lesões
S219,Lesões
S22,Lesões
S220,Lesões
S221,Lesões
S222,Lesões
S223,Lesões
S224,Lesões
S225,Lesões
S228,Lesões
S229,Lesões
S23,Lesões
S230,Lesões
S231,Lesões
S232,Lesões
S233,Lesões
S234,Lesões
S235,Lesões
S24,Lesões
S240,Lesões
S241,Lesões
S242,Lesões
S243,Lesões
S244,Lesões
S245,Lesões
S246,Lesões
S25,Lesões
S250,Lesões
S251,Lesões
S252,Lesões
S253,Lesões
S254,Lesões
S255,Lesões
S257,Lesões
S258,Lesões
S259,Lesões
S26,Lesões
S260,Lesões
S268,Lesões
S269,Lesões
S27,Lesões
S270,Lesões
S271,Lesões
S272,Lesões
S273,Lesões
S274,Lesões
S275,Lesões
S276,Lesões
S277,Lesões
S278,Lesões
S279,Lesões
S28,Lesões
S280,Lesões
S281,Lesões
S29,Lesões
S290,Lesões
S297,Lesões
S298,Lesões
S299,Lesões
S30,Lesões
S300,Lesões
S301,Lesões
S302,Lesões
S307,Lesões
S308,Lesões
S309,Lesões
S31,Lesões
S310,Lesões
S311,Lesões
S312,Lesões
S313,Lesões
S314,Lesões
S315,Lesões
S317,Lesões
S318,Lesões
S32,Lesões
S320,Lesões
S321,Lesões
S322,Lesões
S323,Lesões
S324,Lesões
S325,Lesões
S327,Lesões
S328,Lesões
S33,Lesões
S330,Lesões
S331,Lesões
S332,Lesões
S333,Lesões
S334,Lesões
S335,Lesões
S336,Lesões
S337,Lesões
S34,Lesões
S340,Lesões
S341,Lesões
S342,Lesões
S343,Lesões
S344,Lesões
S345,Lesões
S346,Lesões
S348,Lesões
S35,Lesões
S350,Lesões
S351,Lesões
S352,Lesões
S353,Lesões
S354,Lesões
S355,Lesões
S357,Lesões
S358,Lesões
S359,Lesões
S36,Lesões
S360,Lesões
S361,Lesões
S362,Lesões
S363,Lesões
S364,Lesões
S365,Lesões
S366,Lesões
S367,Lesões
S368,Lesões
S369,Lesões
S37,Lesões
S370,Lesões
S371,Lesões
S372,Lesões
S373,Lesões
S374,Lesões
S375,Lesões
S376,Lesões
S377,Lesões
S378,Lesões
S379,Lesões
S38,Lesões
S380,Lesões
S381,Lesões
S382,Lesões
S383,Lesões
S39,Lesões
S390,Lesões
S396,Lesões
S397,Lesões
S398,Lesões
S399,Lesões
S40,Lesões
S400,Lesões
S407,Lesões
S408,Lesões
S409,Lesões
S41,Lesões
S410,Lesões
S411,Lesões
S417,Lesões
S418,Lesões
S42,Lesões
S420,Lesões
S421,Lesões
S422,Lesões
S423,Lesões
S424,Lesões
S427,Lesões
S428,Lesões
S429,Lesões
S43,Lesões
S430,Lesões
S431,Lesões
S432,Lesões
S433,Lesões
S434,Lesões
S435,Lesões
S436,Lesões
S437,Lesões
S44,Lesões
S440,Lesões
S441,Lesões
S442,Lesões
S443,Lesões
S444,Lesões
S445,Lesões
S447,Lesões
S448,Lesões
S449,Lesões
S45,Lesões
S450,Lesões
S451,Lesões
S452,Lesões
S453,Lesões
S457,Lesões
S458,Lesões
S459,Lesões
S46,Lesões
S460,Lesões
S461,Lesões
S462,Lesões
S463,Lesões
S467,Lesões
S468,Lesões
S469,Lesões
S47,Lesões
S48,Lesões
S480,Lesões
S481,Lesões
S489,Lesões
S49,Lesões
S497,Lesões
S498,Lesões
S499,Lesões
S50,Lesões
S500,Lesões
S501,Lesões
S507,Lesões
S508,Lesões
S509,Lesões
S51,Lesões
S510,Lesões
S517,Lesões
S518,Lesões
S519,Lesões
S52,Lesões
S520,Lesões
S521,Lesões
S522,Lesões
S523,Lesões
S524,Lesões
S525,Lesões
S526,Lesões
S527,Lesões
S528,Lesões
S529,Lesões
S53,Lesões
S530,Lesões
S531,Lesões
S532,Lesões
S533,Lesões
S534,Lesões
S54,Lesões
S540,Lesões
S541,Lesões
S542,Lesões
S543,Lesões
S547,Lesões
S548,Lesões
S549,Lesões
S55,Lesões
S550,Lesões
S551,Lesões
S552,Lesões
S557,Lesões
S558,Lesões
S559,Lesões
S56,Lesões
S560,Lesões
S561,Lesões
S562,Lesões
S563,Lesões
S564,Lesões
S565,Lesões
S567,Lesões
S568,Lesões
S57,Lesões
S570,Lesões
S578,Lesões
S579,Lesões
S58,Lesões
S580,Lesões
S581,Lesões
S589,Lesões
S59,Lesões
S597,Lesões
S598,Lesões
S599,Lesões
S60,Lesões
S600,Lesões
S601,Lesões
S602,Lesões
S607,Lesões
S608,Lesões
S609,Lesões
S61,Lesões
S610,Lesões
S611,Lesões
S617,Lesões
S618,Lesões
S619,Lesões
S62,Lesões
S620,Lesões
S621,Lesões
S622,Lesões
S623,Lesões
S624,Lesões
S625,Lesões
S626,Lesões
S627,Lesões
S628,Lesões
S63,Lesões
S630,Lesões
S631,Lesões
S632,Lesões
S633,Lesões
S634,Lesões
S635,Lesões
S636,Lesões
S637,Lesões
S64,Lesões
S640,Lesões
S641,Lesões
S642,Lesões
S643,Lesões
S644,Lesões
S647,Lesões
S648,Lesões
S649,Lesões
S65,Lesões
S650,Lesões
S651,Lesões
S652,Lesões
S653,Lesões
S654,Lesões
S655,Lesões
S657,Lesões
S658,Lesões
S659,Lesões
S66,Lesões
S660,Lesões
S661,Lesões
S662,Lesões
S663,Lesões
S664,Lesões
S665,Lesões
S666,Lesões
S667,Lesões
S668,Lesões
S669,Lesões
S67,Lesões
S670,Lesões
S678,Lesões
S68,Lesões
S680,Lesões
S681,Lesões
S682,Lesões
S683,Lesões
S684,Lesões
S688,Lesões
S689,Lesões
S69,Lesões
S697,Lesões
S698,Lesões
S699,Lesões
S70,Lesões
S700,Lesões
S701,Lesões
S707,Lesões
S708,Lesões
S709,Lesões
S71,Lesões
S710,Lesões
S711,Lesões
S717,Lesões
S718,Lesões
S72,Lesões
S720,Lesões
S721,Lesões
S722,Lesões
S723,Lesões
S724,Lesões
S727,Lesões
S728,Lesões
S729,Lesões
S73,Lesões
S730,Lesões
S731,Lesões
S74,Lesões
S740,Lesões
S741,Lesões
S742,Lesões
S747,Lesões
S748,Lesões
S749,Lesões
S75,Lesões
S750,Lesões
S751,Lesões
S752,Lesões
S757,Lesões
S758,Lesões
S759,Lesões
S76,Lesões
S760,Lesões
S761,Lesões
S762,Lesões
S763,Lesões
S764,Lesões
S767,Lesões
S77,Lesões
S770,Lesões
S771,Lesões
S772,Lesões
S78,Lesões
S780,Lesões
S781,Lesões
S789,Lesões
S79,Lesões
S797,Lesões
S798,Lesões
S799,Lesões
S80,Lesões
S800,Lesões
S801,Lesões
S807,Lesões
S808,Lesões
S809,Lesões
S81,Lesões
S810,Lesões
S817,Lesões
S818,Lesões
S819,Lesões
S82,Lesões
S820,Lesões
S821,Lesões
S822,Lesões
S823,Lesões
S824,Lesões
S825,Lesões
S826,Lesões
S827,Lesões
S828,Lesões
S829,Lesões
S83,Lesões
S830,Lesões
S831,Lesões
S832,Lesões
S833,Lesões
S834,Lesões
S835,Lesões
S836,Lesões
S837,Lesões
S84,Lesões
S840,Lesões
S841,Lesões
S842,Lesões
S847,Lesões
S848,Lesões
S849,Lesões
S85,Lesões
S850,Lesões
S851,Lesões
S852,Lesões
S853,Lesões
S854,Lesões
S855,Lesões
S857,Lesões
S858,Lesões
S859,Lesões
S86,Lesões
S860,Lesões
S861,Lesões
S862,Lesões
S863,Lesões
S867,Lesões
S868,Lesões
S869,Lesões
S87,Lesões
S870,Lesões
S878,Lesões
S88,Lesões
S880,Lesões
S881,Lesões
S889,Lesões
S89,Lesões
S890,Lesões
S898,Lesões
S899,Lesões
S90,Lesões
S900,Lesões
S901,Lesões
S902,Lesões
S903,Lesões
S907,Lesões
S908,Lesões
S909,Lesões
S91,Lesões
S910,Lesões
S911,Lesões
S912,Lesões
S913,Lesões
S917,Lesões
S92,Lesões
S920,Lesões
S921,Lesões
S922,Lesões
S923,Lesões
S924,Lesões
S925,Lesões
S927,Lesões
S929,Lesões
S93,Lesões
S930,Lesões
S931,Lesões
S932,Lesões
S933,Lesões
S934,Lesões
S935,Lesões
S936,Lesões
S94,Lesões
S940,Lesões
S941,Lesões
S942,Lesões
S943,Lesões
S947,Lesões
S948,Lesões
S949,Lesões
S95,Lesões
S950,Lesões
S951,Lesões
S952,Lesões
S957,Lesões
S958,Lesões
S959,Lesões
S96,Lesões
S960,Lesões
S961,Lesões
S962,Lesões
S967,Lesões
S968,Lesões
S969,Lesões
S97,Lesões
S970,Lesões
S971,Lesões
S978,Lesões
S98,Lesões
S980,Lesões
S981,Lesões
S982,Lesões
S983,Lesões
S984,Lesões
S99,Lesões
S997,Lesões
S998,Lesões
S999,Lesões
T00,Lesões
T000,Lesões
T001,Lesões
T002,Lesões
T003,Lesões
T006,Lesões
T008,Lesões
T009,Lesões
T01,Lesões
T010,Lesões
T011,Lesões
T012,Lesões
T013,Lesões
T016,Lesões
T018,Lesões
T019,Lesões
T02,Lesões
T020,Lesões
T021,Lesões
T022,Lesões
T023,Lesões
T024,Lesões
T025,Lesões
T026,Lesões
T027,Lesões
T028,Lesões
T029,Lesões
T03,Lesões
T030,Lesões
T031,Lesões
T032,Lesões
T033,Lesões
T034,Lesões
T038,Lesões
T039,Lesões
T04,Lesões
T040,Lesões
T041,Lesões
T042,Lesões
T043,Lesões
T044,Lesões
T047,Lesões
T048,Lesões
T049,Lesões
T05,Lesões
T050,Lesões
T051,Lesões
T052,Lesões
T053,Lesões
T054,Lesões
T055,Lesões
T056,Lesões
T058,Lesões
T059,Lesões
T06,Lesões
T060,Lesões
T061,Lesões
T062,Lesões
T063,Lesões
T064,Lesões
T065,Lesões
T068,Lesões
T07,Lesões
T08,Lesões
T09,Lesões
T090,Lesões
T091,Lesões
T092,Lesões
T093,Lesões
T094,Lesões
T095,Lesões
T096,Lesões
T098,Lesões
T099,Lesões
T10,Lesões
T11,Lesões
T110,Lesões
T111,Lesões
T112,Lesões
T113,Lesões
T114,Lesões
T115,Lesões
T116,Lesões
T118,Lesões
T119,Lesões
T12,Lesões
T13,Lesões
T130,Lesões
T131,Lesões
T132,Lesões
T133,Lesões
T134,Lesões
T135,Lesões
T136,Lesões
T138,Lesões
T139,Lesões
T14,Lesões
T140,Lesões
T141,Lesões
T142,Lesões
T143,Lesões
T144,Lesões
T145,Lesões
T146,Lesões
T147,Lesões
T148,Lesões
T149,Lesões
T15,Lesões
T150,Lesões
T151,Lesões
T158,Lesões
T159,Lesões
T16,Lesões
T17,Lesões
T170,Lesões
T171,Lesões
T172,Lesões
T173,Lesões
T174,Lesões
T175,Lesões
T178,Lesões
T179,Lesões
T18,Lesões
T180,Lesões
T181,Lesões
T182,Lesões
T183,Lesões
T184,Lesões
T185,Lesões
T188,Lesões
T189,Lesões
T19,Lesões
T190,Lesões
T191,Lesões
T192,Lesões
T193,Lesões
T198,Lesões
T199,Lesões
T20,Lesões
T200,Lesões
T201,Lesões
T202,Lesões
T203,Lesões
T204,Lesões
T205,Lesões
T206,Lesões
T207,Lesões
T21,Lesões
T210,Lesões
T211,Lesões
T212,Lesões
T213,Lesões
T214,Lesões
T215,Lesões
T216,Lesões
T217,Lesões
T22,Lesões
T220,Lesões
T221,Lesões
T222,Lesões
T223,Lesões
T224,Lesões
T225,Lesões
T226,Lesões
T227,Lesões
T23,Lesões
T230,Lesões
T231,Lesões
T232,Lesões
T233,Lesões
T234,Lesões
T235,Lesões
T236,Lesões
T237,Lesões
T24,Lesões
T240,Lesões
T241,Lesões
T242,Lesões
T243,Lesões
T244,Lesões
T245,Lesões
T246,Lesões
T247,Lesões
T25,Lesões
T250,Lesões
T251,Lesões
T252,Lesões
T253,Lesões
T254,Lesões
T255,Lesões
T256,Lesões
T257,Lesões
T26,Lesões
T260,Lesões
T261,Lesões
T262,Lesões
T263,Lesões
T264,Lesões
T265,Lesões
T266,Lesões
T267,Lesões
T268,Lesões
T269,Lesões
T27,Lesões
T270,Lesões
T271,Lesões
T272,Lesões
T273,Lesões
T274,Lesões
T275,Lesões
T276,Lesões
T277,Lesões
T28,Lesões
T280,Lesões
T281,Lesões
T282,Lesões
T283,Lesões
T284,Lesões
T285,Lesões
T286,Lesões
T287,Lesões
T288,Lesões
T289,Lesões
T29,Lesões
T290,Lesões
T291,Lesões
T292,Lesões
T293,Lesões
T294,Lesões
T295,Lesões
T296,Lesões
T297,Lesões
T30,Lesões
T300,Lesões
T301,Lesões
T302,Lesões
T303,Lesões
T304,Lesões
T305,Lesões
T306,Lesões
T307,Lesões
T31,Lesões
T310,Lesões
T311,Lesões
T312,Lesões
T313,Lesões
T314,Lesões
T315,Lesões
T316,Lesões
T317,Lesões
T318,Lesões
T319,Lesões
T32,Lesões
T320,Lesões
T321,Lesões
T322,Lesões
T323,Lesões
T324,Lesões
T325,Lesões
T326,Lesões
T327,Lesões
T328,Lesões
T329,Lesões
T33,Lesões
T330,Lesões
T331,Lesões
T332,Lesões
T333,Lesões
T334,Lesões
T335,Lesões
T336,Lesões
T337,Lesões
T338,Lesões
T339,Lesões
T34,Lesões
T340,Lesões
T341,Lesões
T342,Lesões
T343,Lesões
T344,Lesões
T345,Lesões
T346,Lesões
T347,Lesões
T348,Lesões
T349,Lesões
T35,Lesões
T350,Lesões
T351,Lesões
T352,Lesões
T353,Lesões
T354,Lesões
T355,Lesões
T356,Lesões
T357,Lesões
T36,Lesões
T360,Lesões
T361,Lesões
T362,Lesões
T363,Lesões
T364,Lesões
T365,Lesões
T366,Lesões
T367,Lesões
T368,Lesões
T369,Lesões
T37,Lesões
T370,Lesões
T371,Lesões
T372,Lesões
T373,Lesões
T374,Lesões
T375,Lesões
T378,Lesões
T379,Lesões
T38,Lesões
T380,Lesões
T381,Lesões
T382,Lesões
T383,Lesões
T384,Lesões
T385,Lesões
T386,Lesões
T387,Lesões
T388,Lesões
T389,Lesões
T39,Lesões
T390,Lesões
T391,Lesões
T392,Lesões
T393,Lesões
T394,Lesões
T398,Lesões
T399,Lesões
T40,Lesões
T400,Lesões
T401,Lesões
T402,Lesões
T403,Lesões
T404,Lesões
T405,Lesões
T406,Lesões
T407,Lesões
T408,Lesões
T409,Lesões
T41,Lesões
T410,Lesões
T411,Lesões
T412,Lesões
T413,Lesões
T414,Lesões
T415,Lesões
T42,Lesões
T420,Lesões
T421,Lesões
T422,Lesões
T423,Lesões
T424,Lesões
T425,Lesões
T426,Lesões
T427,Lesões
T428,Lesões
T43,Lesões
T430,Lesões
T431,Lesões
T432,Lesões
T433,Lesões
T434,Lesões
T435,Lesões
T436,Lesões
T438,Lesões
T439,Lesões
T44,Lesões
T440,Lesões
T441,Lesões
T442,Lesões
T443,Lesões
T444,Lesões
T445,Lesões
T446,Lesões
T447,Lesões
T448,Lesões
T449,Lesões
T45,Lesões
T450,Lesões
T451,Lesões
T452,Lesões
T453,Lesões
T454,Lesões
T455,Lesões
T456,Lesões
T457,Lesões
T458,Lesões
T459,Lesões
T46,Lesões
T460,Lesões
T461,Lesões
T462,Lesões
T463,Lesões
T464,Lesões
T465,Lesões
T466,Lesões
T467,Lesões
T468,Lesões
T469,Lesões
T47,Lesões
T470,Lesões
T471,Lesões
T472,Lesões
T473,Lesões
T474,Lesões
T475,Lesões
T476,Lesões
T477,Lesões
T478,Lesões
T479,Lesões
T48,Lesões
T480,Lesões
T481,Lesões
T482,Lesões
T483,Lesões
T484,Lesões
T485,Lesões
T486,Lesões
T487,Lesões
T49,Lesões
T490,Lesões
T491,Lesões
T492,Lesões
T493,Lesões
T494,Lesões
T495,Lesões
T496,Lesões
T497,Lesões
T498,Lesões
T499,Lesões
T50,Lesões
T500,Lesões
T501,Lesões
T502,Lesões
T503,Lesões
T504,Lesões
T505,Lesões
T506,Lesões
T507,Lesões
T508,Lesões
T509,Lesões
T51,Lesões
T510,Lesões
T511,Lesões
T512,Lesões
T513,Lesões
T518,Lesões
T519,Lesões
T52,Lesões
T520,Lesões
T521,Lesões
T522,Lesões
T523,Lesões
T524,Lesões
T528,Lesões
T529,Lesões
T53,Lesões
T530,Lesões
T531,Lesões
T532,Lesões
T533,Lesões
T534,Lesões
T535,Lesões
T536,Lesões
T537,Lesões
T539,Lesões
T54,Lesões
T540,Lesões
T541,Lesões
T542,Lesões
T543,Lesões
T549,Lesões
T55,Lesões
T56,Lesões
T560,Lesões
T561,Lesões
T562,Lesões
T563,Lesões
T564,Lesões
T565,Lesões
T566,Lesões
T567,Lesões
T568,Lesões
T569,Lesões
T57,Lesões
T570,Lesões
T571,Lesões
T572,Lesões
T573,Lesões
T578,Lesões
T579,Lesões
T58,Lesões
T59,Lesões
T590,Lesões
T591,Lesões
T592,Lesões
T593,Lesões
T594,Lesões
T595,Lesões
T596,Lesões
T597,Lesões
T598,Lesões
T599,Lesões
T60,Lesões
T600,Lesões
T601,Lesões
T602,Lesões
T603,Lesões
T604,Lesões
T608,Lesões
T609,Lesões
T61,Lesões
T610,Lesões
T611,Lesões
T612,Lesões
T618,Lesões
T619,Lesões
T62,Lesões
T620,Lesões
T621,Lesões
T622,Lesões
T628,Lesões
T629,Lesões
T63,Lesões
T630,Lesões
T631,Lesões
T632,Lesões
T633,Lesões
T634,Lesões
T635,Lesões
T636,Lesões
T638,Lesões
T639,Lesões
T64,Lesões
T65,Lesões
T650,Lesões
T651,Lesões
T652,Lesões
T653,Lesões
T654,Lesões
T655,Lesões
T656,Lesões
T658,Lesões
T659,Lesões
T66,Lesões
T67,Lesões
T670,Lesões
T671,Lesões
T672,Lesões
T673,Lesões
T674,Lesões
T675,Lesões
T676,Lesões
T677,Lesões
T678,Lesões
T679,Lesões
T68,Lesões
T69,Lesões
T690,Lesões
T691,Lesões
T698,Lesões
T699,Lesões
T70,Lesões
T700,Lesões
T701,Lesões
T702,Lesões
T703,Lesões
T704,Lesões
T708,Lesões
T709,Lesões
T71,Lesões
T73,Lesões
T730,Lesões
T731,Lesões
T732,Lesões
T733,Lesões
T738,Lesões
T739,Lesões
T74,Lesões
T740,Lesões
T741,Lesões
T742,Lesões
T743,Lesões
T748,Lesões
T749,Lesões
T75,Lesões
T750,Lesões
T751,Lesões
T752,Lesões
T753,Lesões
T754,Lesões
T758,Lesões
T78,Lesões
T780,Lesões
T781,Lesões
T782,Lesões
T783,Lesões
T784,Lesões
T788,Lesões
T789,Lesões
T79,Lesões
T790,Lesões
T791,Lesões
T792,Lesões
T793,Lesões
T794,Lesões
T795,Lesões
T796,Lesões
T797,Lesões
T798,Lesões
T799,Lesões
T80,Lesões
T800,Lesões
T801,Lesões
T802,Lesões
T803,Lesões
T804,Lesões
T805,Lesões
T806,Lesões
T808,Lesões
T809,Lesões
T81,Lesões
T810,Lesões
T811,Lesões
T812,Lesões
T813,Lesões
T814,Lesões
T815,Lesões
T816,Lesões
T817,Lesões
T818,Lesões
T819,Lesões
T82,Lesões
T820,Lesões
T821,Lesões
T822,Lesões
T823,Lesões
T824,Lesões
T825,Lesões
T826,Lesões
T827,Lesões
T828,Lesões
T829,Lesões
T83,Lesões
T830,Lesões
T831,Lesões
T832,Lesões
T833,Lesões
T834,Lesões
T835,Lesões
T836,Lesões
T838,Lesões
T839,Lesões
T84,Lesões
T840,Lesões
T841,Lesões
T842,Lesões
T843,Lesões
T844,Lesões
T845,Lesões
T846,Lesões
T847,Lesões
T848,Lesões
T849,Lesões
T85,Lesões
T850,Lesões
T851,Lesões
T852,Lesões
T853,Lesões
T854,Lesões
T855,Lesões
T856,Lesões
T857,Lesões
T858,Lesões
T859,Lesões
T86,Lesões
T860,Lesões
T861,Lesões
T862,Lesões
T863,Lesões
T864,Lesões
T868,Lesões
T869,Lesões
T87,Lesões
T870,Lesões
T871,Lesões
T872,Lesões
T873,Lesões
T874,Lesões
T875,Lesões
T876,Lesões
T88,Lesões
T880,Lesões
T881,Lesões
T882,Lesões
T883,Lesões
T884,Lesões
T885,Lesões
T886,Lesões
T887,Lesões
T888,Lesões
T889,Lesões
T90,Lesões
T900,Lesões
T901,Lesões
T902,Lesões
T903,Lesões
T904,Lesões
T905,Lesões
T908,Lesões
T909,Lesões
T91,Lesões
T910,Lesões
T911,Lesões
T912,Lesões
T913,Lesões
T914,Lesões
T915,Lesões
T918,Lesões
T919,Lesões
T92,Lesões
T920,Lesões
T921,Lesões
T922,Lesões
T923,Lesões
T924,Lesões
T925,Lesões
T926,Lesões
T928,Lesões
T929,Lesões
T93,Lesões
T930,Lesões
T931,Lesões
T932,Lesões
T933,Lesões
T934,Lesões
T935,Lesões
T936,Lesões
T938,Lesões
T939,Lesões
T94,Lesões
T940,Lesões
T941,Lesões
T95,Lesões
T950,Lesões
T951,Lesões
T952,Lesões
T953,Lesões
T954,Lesões
T958,Lesões
T959,Lesões
T96,Lesões
T97,Lesões
T98,Lesões
T980,Lesões
T981,Lesões
T982,Lesões
T983,Lesões
U04,Propósitos especiais
U049,Propósitos especiais
U071,Propósitos especiais
U80,Propósitos especiais
U800,Propósitos especiais
U801,Propósitos especiais
U808,Propósitos especiais
U81,Propósitos especiais
U810,Propósitos especiais
U818,Propósitos especiais
U88,Propósitos especiais
U89,Propósitos especiais
U898,Propósitos especiais
U899,Propósitos especiais
U99,Propósitos especiais
V01,Causas externas
V010,Causas externas
V011,Causas externas
V019,Causas externas
V02,Causas externas
V020,Causas externas
V021,Causas externas
V029,Causas externas
V03,Causas externas
V030,Causas externas
V031,Causas externas
V039,Causas externas
V04,Causas externas
V040,Causas externas
V041,Causas externas
V049,Causas externas
V05,Causas externas
V050,Causas externas
V051,Causas externas
V059,Causas externas
V06,Causas externas
V060,Causas externas
V061,Causas externas
V069,Causas externas
V09,Causas externas
V090,Causas externas
V091,Causas externas
V092,Causas externas
V093,Causas externas
V099,Causas externas
V10,Causas externas
V100,Causas externas
V101,Causas externas
V102,Causas externas
V103,Causas externas
V104,Causas externas
V105,Causas externas
V109,Causas externas
V11,Causas externas
V110,Causas externas
V111,Causas externas
V112,Causas externas
V113,Causas externas
V114,Causas externas
V115,Causas externas
V119,Causas externas
V12,Causas externas
V120,Causas externas
V121,Causas externas
V122,Causas externas
V123,Causas externas
V124,Causas externas
V125,Causas externas
V129,Causas externas
V13,Causas externas
V130,Causas externas
V131,Causas externas
V132,Causas externas
V133,Causas externas
V134,Causas externas
V135,Causas externas
V139,Causas externas
V14,Causas externas
V140,Causas externas
V141,Causas externas
V142,Causas externas
V143,Causas externas
V144,Causas externas
V145,Causas externas
V149,Causas externas
V15,Causas externas
V150,Causas externas
V151,Causas externas
V152,Causas externas
V153,Causas externas
V154,Causas externas
V155,Causas externas
V159,Causas externas
V16,Causas externas
V160,Causas externas
V161,Causas externas
V162,Causas externas
V163,Causas externas
V164,Causas externas
V165,Causas externas
V169,Causas externas
V17,Causas externas
V170,Causas externas
V171,Causas externas
V172,Causas externas
V173,Causas externas
V174,Causas externas
V175,Causas externas
V179,Causas externas
V18,Causas externas
V180,Causas externas
V181,Causas externas
V182,Causas externas
V183,Causas externas
V184,Causas externas
V185,Causas externas
V189,Causas externas
V19,Causas externas
V190,Causas externas
V191,Causas externas
V192,Causas externas
V193,Causas externas
V194,Causas externas
V195,Causas externas
V196,Causas externas
V198,Causas externas
V199,Causas externas
V20,Causas externas
V200,Causas externas
V201,Causas externas
V202,Causas externas
V203,Causas externas
V204,Causas externas
V205,Causas externas
V209,Causas externas
V21,Causas externas
V210,Causas externas
V211,Causas externas
V212,Causas externas
V213,Causas externas
V214,Causas externas
V215,Causas externas
V219,Causas externas
V22,Causas externas
V220,Causas externas
V221,Causas externas
V222,Causas externas
V223,Causas externas
V224,Causas externas
V225,Causas externas
V229,Causas externas
V23,Causas externas
V230,Causas externas
V231,Causas externas
V232,Causas externas
V233,Causas externas
V234,Causas externas
V235,Causas externas
V239,Causas externas
V24,Causas externas
V240,Causas externas
V241,Causas externas
V242,Causas externas
V243,Causas externas
V244,Causas externas
V245,Causas externas
V249,Causas externas
V25,Causas externas
V250,Causas externas
V251,Causas externas
V252,Causas externas
V253,Causas externas
V254,Causas externas
V255,Causas externas
V259,Causas externas
V26,Causas externas
V260,Causas externas
V261,Causas externas
V262,Causas externas
V263,Causas externas
V264,Causas externas
V265,Causas externas
V269,Causas externas
V27,Causas externas
V270,Causas externas
V271,Causas externas
V272,Causas externas
V273,Causas externas
V274,Causas externas
V275,Causas externas
V279,Causas externas
V28,Causas externas
V280,Causas externas
V281,Causas externas
V282,Causas externas
V283,Causas externas
V284,Causas externas
V285,Causas externas
V289,Causas externas
V29,Causas externas
V290,Causas externas
V291,Causas externas
V292,Causas externas
V293,Causas externas
V294,Causas externas
V295,Causas externas
V296,Causas externas
V298,Causas externas
V299,Causas externas
V30,Causas externas
V300,Causas externas
V301,Causas externas
V302,Causas externas
V303,Causas externas
V304,Causas externas
V305,Causas externas
V306,Causas externas
V307,Causas externas
V309,Causas externas
V31,Causas externas
V310,Causas externas
V311,Causas externas
V312,Causas externas
V313,Causas externas
V314,Causas externas
V315,Causas externas
V316,Causas externas
V317,Causas externas
V319,Causas externas
V32,Causas externas
V320,Causas externas
V321,Causas externas
V322,Causas externas
V323,Causas externas
V324,Causas externas
V325,Causas externas
V326,Causas externas
V327,Causas externas
V329,Causas externas
V33,Causas externas
V330,Causas externas
V331,Causas externas
V332,Causas externas
V333,Causas externas
V334,Causas externas
V335,Causas externas
V336,Causas externas
V337,Causas externas
V339,Causas externas
V34,Causas externas
V340,Causas externas
V341,Causas externas
V342,Causas externas
V343,Causas externas
V344,Causas externas
V345,Causas externas
V346,Causas externas
V347,Causas externas
V349,Causas externas
V35,Causas externas
V350,Causas externas
V351,Causas externas
V352,Causas externas
V353,Causas externas
V354,Causas externas
V355,Causas externas
V356,Causas externas
V357,Causas externas
V359,Causas externas
V36,Causas externas
V360,Causas externas
V361,Causas externas
V362,Causas externas
V363,Causas externas
V364,Causas externas
V365,Causas externas
V366,Causas externas
V367,Causas externas
V369,Causas externas
V37,Causas externas
V370,Causas externas
V371,Causas externas
V372,Causas externas
V373,Causas externas
V374,Causas externas
V375,Causas externas
V376,Causas externas
V377,Causas externas
V379,Causas externas
V38,Causas externas
V380,Causas externas
V381,Causas externas
V382,Causas externas
V383,Causas externas
V384,Causas externas
V385,Causas externas
V386,Causas externas
V387,Causas externas
V389,Causas externas
V39,Causas externas
V390,Causas externas
V391,Causas externas
V392,Causas externas
V393,Causas externas
V394,Causas externas
V395,Causas externas
V396,Causas externas
V398,Causas externas
V399,Causas externas
V40,Causas externas
V400,Causas externas
V401,Causas externas
V402,Causas externas
V403,Causas externas
V404,Causas externas
V405,Causas externas
V406,Causas externas
V407,Causas externas
V409,Causas externas
V41,Causas externas
V410,Causas externas
V411,Causas externas
V412,Causas externas
V413,Causas externas
V414,Causas externas
V415,Causas externas
V416,Causas externas
V417,Causas externas
V419,Causas externas
V42,Causas externas
V420,Causas externas
V421,Causas externas
V422,Causas externas
V423,Causas externas
V424,Causas externas
V425,Causas externas
V426,Causas externas
V427,Causas externas
V429,Causas externas
V43,Causas externas
V430,Causas externas
V431,Causas externas
V432,Causas externas
V433,Causas externas
V434,Causas externas
V435,Causas externas
V436,Causas externas
V437,Causas externas
V439,Causas externas
V44,Causas externas
V440,Causas externas
V441,Causas externas
V442,Causas externas
V443,Causas externas
V444,Causas externas
V445,Causas externas
V446,Causas externas
V447,Causas externas
V449,Causas externas
V45,Causas externas
V450,Causas externas
V451,Causas externas
V452,Causas externas
V453,Causas externas
V454,Causas externas
V455,Causas externas
V456,Causas externas
V457,Causas externas
V459,Causas externas
V46,Causas externas
V460,Causas externas
V461,Causas externas
V462,Causas externas
V463,Causas externas
V464,Causas externas
V465,Causas externas
V466,Causas externas
V467,Causas externas
V469,Causas externas
V47,Causas externas
V470,Causas externas
V471,Causas externas
V472,Causas externas
V473,Causas externas
V474,Causas externas
V475,Causas externas
V476,Causas externas
V477,Causas externas
V479,Causas externas
V48,Causas externas
V480,Causas externas
V481,Causas externas
V482,Causas externas
V483,Causas externas
V484,Causas externas
V485,Causas externas
V486,Causas externas
V487,Causas externas
V489,Causas externas
V49,Causas externas
V490,Causas externas
V491,Causas externas
V492,Causas externas
V493,Causas externas
V494,Causas externas
V495,Causas externas
V496,Causas externas
V498,Causas externas
V499,Causas externas
V50,Causas externas
V500,Causas externas
V501,Causas externas
V502,Causas externas
V503,Causas externas
V504,Causas externas
V505,Causas externas
V506,Causas externas
V507,Causas externas
V509,Causas externas
V51,Causas externas
V510,Causas externas
V511,Causas externas
V512,Causas externas
V513,Causas externas
V514,Causas externas
V515,Causas externas
V516,Causas externas
V517,Causas externas
V519,Causas externas
V52,Causas externas
V520,Causas externas
V521,Causas externas
V522,Causas externas
V523,Causas externas
V524,Causas externas
V525,Causas externas
V526,Causas externas
V527,Causas externas
V529,Causas externas
V53,Causas externas
V530,Causas externas
V531,Causas externas
V532,Causas externas
V533,Causas externas
V534,Causas externas
V535,Causas externas
V536,Causas externas
V537,Causas externas
V539,Causas externas
V54,Causas externas
V540,Causas externas
V541,Causas externas
V542,Causas externas
V543,Causas externas
V544,Causas externas
V545,Causas externas
V546,Causas externas
V547,Causas externas
V549,Causas externas
V55,Causas externas
V550,Causas externas
V551,Causas externas
V552,Causas externas
V553,Causas externas
V554,Causas externas
V555,Causas externas
V556,Causas externas
V557,Causas externas
V559,Causas externas
V56,Causas externas
V560,Causas externas
V561,Causas externas
V562,Causas externas
V563,Causas externas
V564,Causas externas
V565,Causas externas
V566,Causas externas
V567,Causas externas
V569,Causas externas
V57,Causas externas
V570,Causas externas
V571,Causas externas
V572,Causas externas
V573,Causas externas
V574,Causas externas
V575,Causas externas
V576,Causas externas
V577,Causas externas
V579,Causas externas
V58,Causas externas
V580,Causas externas
V581,Causas externas
V582,Causas externas
V583,Causas externas
V584,Causas externas
V585,Causas externas
V586,Causas externas
V587,Causas externas
V589,Causas externas
V59,Causas externas
V590,Causas externas
V591,Causas externas
V592,Causas externas
V593,Causas externas
V594,Causas externas
V595,Causas externas
V596,Causas externas
V598,Causas externas
V599,Causas externas
V60,Causas externas
V600,Causas externas
V601,Causas externas
V602,Causas externas
V603,Causas externas
V604,Causas externas
V605,Causas externas
V606,Causas externas
V607,Causas externas
V609,Causas externas
V61,Causas externas
V610,Causas externas
V611,Causas externas
V612,Causas externas
V613,Causas externas
V614,Causas externas
V615,Causas externas
V616,Causas externas
V617,Causas externas
V619,Causas externas
V62,Causas externas
V620,Causas externas
V621,Causas externas
V622,Causas externas
V623,Causas externas
V624,Causas externas
V625,Causas externas
V626,Causas externas
V627,Causas externas
V629,Causas externas
V63,Causas externas
V630,Causas externas
V631,Causas externas
V632,Causas externas
V633,Causas externas
V634,Causas externas
V635,Causas externas
V636,Causas externas
V637,Causas externas
V639,Causas externas
V64,Causas externas
V640,Causas externas
V641,Causas externas
V642,Causas externas
V643,Causas externas
V644,Causas externas
V645,Causas externas
V646,Causas externas
V647,Causas externas
V649,Causas externas
V65,Causas externas
V650,Causas externas
V651,Causas externas
V652,Causas externas
V653,Causas externas
V654,Causas externas
V655,Causas externas
V656,Causas externas
V657,Causas externas
V659,Causas externas
V66,Causas externas
V660,Causas externas
V661,Causas externas
V662,Causas externas
V663,Causas externas
V664,Causas externas
V665,Causas externas
V666,Causas externas
V667,Causas externas
V669,Causas externas
V67,Causas externas
V670,Causas externas
V671,Causas externas
V672,Causas externas
V673,Causas externas
V674,Causas externas
V675,Causas externas
V676,Causas externas
V677,Causas externas
V679,Causas externas
V68,Causas externas
V680,Causas externas
V681,Causas externas
V682,Causas externas
V683,Causas externas
V684,Causas externas
V685,Causas externas
V686,Causas externas
V687,Causas externas
V689,Causas externas
V69,Causas externas
V690,Causas externas
V691,Causas externas
V692,Causas externas
V693,Causas externas
V694,Causas externas
V695,Causas externas
V696,Causas externas
V698,Causas externas
V699,Causas externas
V70,Causas externas
V700,Causas externas
V701,Causas externas
V702,Causas externas
V703,Causas externas
V704,Causas externas
V705,Causas externas
V706,Causas externas
V707,Causas externas
V709,Causas externas
V71,Causas externas
V710,Causas externas
V711,Causas externas
V712,Causas externas
V713,Causas externas
V714,Causas externas
V715,Causas externas
V716,Causas externas
V717,Causas externas
V719,Causas externas
V72,Causas externas
V720,Causas externas
V721,Causas externas
V722,Causas externas
V723,Causas externas
V724,Causas externas
V725,Causas externas
V726,Causas externas
V727,Causas externas
V729,Causas externas
V73,Causas externas
V730,Causas externas
V731,Causas externas
V732,Causas externas
V733,Causas externas
V734,Causas externas
V735,Causas externas
V736,Causas externas
V737,Causas externas
V739,Causas externas
V74,Causas externas
V740,Causas externas
V741,Causas externas
V742,Causas externas
V743,Causas externas
V744,Causas externas
V745,Causas externas
V746,Causas externas
V747,Causas externas
V749,Causas externas
V75,Causas externas
V750,Causas externas
V751,Causas externas
V752,Causas externas
V753,Causas externas
V754,Causas externas
V755,Causas externas
V756,Causas externas
V757,Causas externas
V759,Causas externas
V76,Causas externas
V760,Causas externas
V761,Causas externas
V762,Causas externas
V763,Causas externas
V764,Causas externas
V765,Causas externas
V766,Causas externas
V767,Causas externas
V769,Causas externas
V77,Causas externas
V770,Causas externas
V771,Causas externas
V772,Causas externas
V773,Causas externas
V774,Causas externas
V775,Causas externas
V776,Causas externas
V777,Causas externas
V779,Causas externas
V78,Causas externas
V780,Causas externas
V781,Causas externas
V782,Causas externas
V783,Causas externas
V784,Causas externas
V785,Causas externas
V786,Causas externas
V787,Causas externas
V789,Causas externas
V79,Causas externas
V790,Causas externas
V791,Causas externas
V792,Causas externas
V793,Causas externas
V794,Causas externas
V795,Causas externas
V796,Causas externas
V798,Causas externas
V799,Causas externas
V80,Causas externas
V800,Causas externas
V801,Causas externas
V802,Causas externas
V803,Causas externas
V804,Causas externas
V805,Causas externas
V806,Causas externas
V807,Causas externas
V808,Causas externas
V809,Causas externas
V81,Causas externas
V810,Causas externas
V811,Causas externas
V812,Causas externas
V813,Causas externas
V814,Causas externas
V815,Causas externas
V816,Causas externas
V817,Causas externas
V818,Causas externas
V819,Causas externas
V82,Causas externas
V820,Causas externas
V821,Causas externas
V822,Causas externas
V823,Causas externas
V824,Causas externas
V825,Causas externas
V826,Causas externas
V827,Causas externas
V828,Causas externas
V829,Causas externas
V83,Causas externas
V830,Causas externas
V831,Causas externas
V832,Causas externas
V833,Causas externas
V834,Causas externas
V835,Causas externas
V836,Causas externas
V837,Causas externas
V839,Causas externas
V84,Causas externas
V840,Causas externas
V841,Causas externas
V842,Causas externas
V843,Causas externas
V844,Causas externas
V845,Causas externas
V846,Causas externas
V847,Causas externas
V849,Causas externas
V85,Causas externas
V850,Causas externas
V851,Causas externas
V852,Causas externas
V853,Causas externas
V854,Causas externas
V855,Causas externas
V856,Causas externas
V857,Causas externas
V859,Causas externas
V86,Causas externas
V860,Causas externas
V861,Causas externas
V862,Causas externas
V863,Causas externas
V864,Causas externas
V865,Causas externas
V866,Causas externas
V867,Causas externas
V869,Causas externas
V87,Causas externas
V870,Causas externas
V871,Causas externas
V872,Causas externas
V873,Causas externas
V874,Causas externas
V875,Causas externas
V876,Causas externas
V877,Causas externas
V878,Causas externas
V879,Causas externas
V88,Causas externas
V880,Causas externas
V881,Causas externas
V882,Causas externas
V883,Causas externas
V884,Causas externas
V885,Causas externas
V886,Causas externas
V887,Causas externas
V888,Causas externas
V889,Causas externas
V89,Causas externas
V890,Causas externas
V891,Causas externas
V892,Causas externas
V893,Causas externas
V899,Causas externas
V90,Causas externas
V900,Causas externas
V901,Causas externas
V902,Causas externas
V903,Causas externas
V904,Causas externas
V905,Causas externas
V906,Causas externas
V907,Causas externas
V908,Causas externas
V909,Causas externas
V91,Causas externas
V910,Causas externas
V911,Causas externas
V912,Causas externas
V913,Causas externas
V914,Causas externas
V915,Causas externas
V916,Causas externas
V917,Causas externas
V918,Causas externas
V919,Causas externas
V92,Causas externas
V920,Causas externas
V921,Causas externas
V922,Causas externas
V923,Causas externas
V924,Causas externas
V925,Causas externas
V926,Causas externas
V927,Causas externas
V928,Causas externas
V929,Causas externas
V93,Causas externas
V930,Causas externas
V931,Causas externas
V932,Causas externas
V933,Causas externas
V934,Causas externas
V935,Causas externas
V936,Causas externas
V937,Causas externas
V938,Causas externas
V939,Causas externas
V94,Causas externas
V940,Causas externas
V941,Causas externas
V942,Causas externas
V943,Causas externas
V944,Causas externas
V945,Causas externas
V946,Causas externas
V947,Causas externas
V948,Causas externas
V949,Causas externas
V95,Causas externas
V950,Causas externas
V951,Causas externas
V952,Causas externas
V953,Causas externas
V954,Causas externas
V958,Causas externas
V959,Causas externas
V96,Causas externas
V960,Causas externas
V961,Causas externas
V962,Causas externas
V968,Causas externas
V969,Causas externas
V97,Causas externas
V970,Causas externas
V971,Causas externas
V972,Causas externas
V973,Causas externas
V978,Causas externas
V98,Causas externas
V99,Causas externas
W00,Causas externas
W000,Causas externas
W001,Causas externas
W002,Causas externas
W003,Causas externas
W004,Causas externas
W005,Causas externas
W006,Causas externas
W007,Causas externas
W008,Causas externas
W009,Causas externas
W01,Causas externas
W010,Causas externas
W011,Causas externas
W012,Causas externas
W013,Causas externas
W014,Causas externas
W015,Causas externas
W016,Causas externas
W017,Causas externas
W018,Causas externas
W019,Causas externas
W02,Causas externas
W020,Causas externas
W021,Causas externas
W022,Causas externas
W023,Causas externas
W024,Causas externas
W025,Causas externas
W026,Causas externas
W027,Causas externas
W028,Causas externas
W029,Causas externas
W03,Causas externas
W030,Causas externas
W031,Causas externas
W032,Causas externas
W033,Causas externas
W034,Causas externas
W035,Causas externas
W036,Causas externas
W037,Causas externas
W038,Causas externas
W039,Causas externas
W04,Causas externas
W040,Causas externas
W041,Causas externas
W042,Causas externas
W043,Causas externas
W044,Causas externas
W045,Causas externas
W046,Causas externas
W047,Causas externas
W048,Causas externas
W049,Causas externas
W05,Causas externas
W050,Causas externas
W051,Causas externas
W052,Causas externas
W053,Causas externas
W054,Causas externas
W055,Causas externas
W056,Causas externas
W057,Causas externas
W058,Causas externas
W059,Causas externas
W06,Causas externas
W060,Causas externas
W061,Causas externas
W062,Causas externas
W063,Causas externas
W064,Causas externas
W065,Causas externas
W066,Causas externas
W067,Causas externas
W068,Causas externas
W069,Causas externas
W07,Causas externas
W070,Causas externas
W071,Causas externas
W072,Causas externas
W073,Causas externas
W074,Causas externas
W075,Causas externas
W076,Causas externas
W077,Causas externas
W078,Causas externas
W079,Causas externas
W08,Causas externas
W080,Causas externas
W081,Causas externas
W082,Causas externas
W083,Causas externas
W084,Causas externas
W085,Causas externas
W086,Causas externas
W087,Causas externas
W088,Causas externas
W089,Causas externas
W09,Causas externas
W090,Causas externas
W091,Causas externas
W092,Causas externas
W093,Causas externas
W094,Causas externas
W095,Causas externas
W096,Causas externas
W097,Causas externas
W098,Causas externas
W099,Causas externas
W10,Causas externas
W100,Causas externas
W101,Causas externas
W102,Causas externas
W103,Causas externas
W104,Causas externas
W105,Causas externas
W106,Causas externas
W107,Causas externas
W108,Causas externas
W109,Causas externas
W11,Causas externas
W110,Causas externas
W111,Causas externas
W112,Causas externas
W113,Causas externas
W114,Causas externas
W115,Causas externas
W116,Causas externas
W117,Causas externas
W118,Causas externas
W119,Causas externas
W12,Causas externas
W120,Causas externas
W121,Causas externas
W122,Causas externas
W123,Causas externas
W124,Causas externas
W125,Causas externas
W126,Causas externas
W127,Causas externas
W128,Causas externas
W129,Causas externas
W13,Causas externas
W130,Causas externas
W131,Causas externas
W132,Causas externas
W133,Causas externas
W134,Causas externas
W135,Causas externas
W136,Causas externas
W137,Causas externas
W138,Causas externas
W139,Causas externas
W14,Causas externas
W140,Causas externas
W141,Causas externas
W142,Causas externas
W143,Causas externas
W144,Causas externas
W145,Causas externas
W146,Causas externas
W147,Causas externas
W148,Causas externas
W149,Causas externas
W15,Causas externas
W150,Causas externas
W151,Causas externas
W152,Causas externas
W153,Causas externas
W154,Causas externas
W155,Causas externas
W156,Causas externas
W157,Causas externas
W158,Causas externas
W159,Causas externas
W16,Causas externas
W160,Causas externas
W161,Causas externas
W162,Causas externas
W163,Causas externas
W164,Causas externas
W165,Causas externas
W166,Causas externas
W167,Causas externas
W168,Causas externas
W169,Causas externas
W17,Causas externas
W170,Causas externas
W171,Causas externas
W172,Causas externas
W173,Causas externas
W174,Causas externas
W175,Causas externas
W176,Causas externas
W177,Causas externas
W178,Causas externas
W179,Causas externas
W18,Causas externas
W180,Causas externas
W181,Causas externas
W182,Causas externas
W183,Causas externas
W184,Causas externas
W185,Causas externas
W186,Causas externas
W187,Causas externas
W188,Causas externas
W189,Causas externas
W19,Causas externas
W190,Causas externas
W191,Causas externas
W192,Causas externas
W193,Causas externas
W194,Causas externas
W195,Causas externas
W196,Causas externas
W197,Causas externas
W198,Causas externas
W199,Causas externas
W20,Causas externas
W200,Causas externas
W201,Causas externas
W202,Causas externas
W203,Causas externas
W204,Causas externas
W205,Causas externas
W206,Causas externas
W207,Causas externas
W208,Causas externas
W209,Causas externas
W21,Causas externas
W210,Causas externas
W211,Causas externas
W212,Causas externas
W213,Causas externas
W214,Causas externas
W215,Causas externas
W216,Causas externas
W217,Causas externas
W218,Causas externas
W219,Causas externas
W22,Causas externas
W220,Causas externas
W221,Causas externas
W222,Causas externas
W223,Causas externas
W224,Causas externas
W225,Causas externas
W226,Causas externas
W227,Causas externas
W228,Causas externas
W229,Causas externas
W23,Causas externas
W230,Causas externas
W231,Causas externas
W232,Causas externas
W233,Causas externas
W234,Causas externas
W235,Causas externas
W236,Causas externas
W237,Causas externas
W238,Causas externas
W239,Causas externas
W24,Causas externas
W240,Causas externas
W241,Causas externas
W242,Causas externas
W243,Causas externas
W244,Causas externas
W245,Causas externas
W246,Causas externas
W247,Causas externas
W248,Causas externas
W249,Causas externas
W25,Causas externas
W250,Causas externas
W251,Causas externas
W252,Causas externas
W253,Causas externas
W254,Causas externas
W255,Causas externas
W256,Causas externas
W257,Causas externas
W258,Causas externas
W259,Causas externas
W26,Causas externas
W260,Causas externas
W261,Causas externas
W262,Causas externas
W263,Causas externas
W264,Causas externas
W265,Causas externas
W266,Causas externas
W267,Causas externas
W268,Causas externas
W269,Causas externas
W27,Causas externas
W270,Causas externas
W271,Causas externas
W272,Causas externas
W273,Causas externas
W274,Causas externas
W275,Causas externas
W276,Causas externas
W277,Causas externas
W278,Causas externas
W279,Causas externas
W28,Causas externas
W280,Causas externas
W281,Causas externas
W282,Causas externas
W283,Causas externas
W284,Causas externas
W285,Causas externas
W286,Causas externas
W287,Causas externas
W288,Causas externas
W289,Causas externas
W29,Causas externas
W290,Causas externas
W291,Causas externas
W292,Causas externas
W293,Causas externas
W294,Causas externas
W295,Causas externas
W296,Causas externas
W297,Causas externas
W298,Causas externas
W299,Causas externas
W30,Causas externas
W300,Causas externas
W301,Causas externas
W302,Causas externas
W303,Causas externas
W304,Causas externas
W305,Causas externas
W306,Causas externas
W307,Causas externas
W308,Causas externas
W309,Causas externas
W31,Causas externas
W310,Causas externas
W311,Causas externas
W312,Causas externas
W313,Causas externas
W314,Causas externas
W315,Causas externas
W316,Causas externas
W317,Causas externas
W318,Causas externas
W319,Causas externas
W32,Causas externas
W320,Causas externas
W321,Causas externas
W322,Causas externas
W323,Causas externas
W324,Causas externas
W325,Causas externas
W326,Causas externas
W327,Causas externas
W328,Causas externas
W329,Causas externas
W33,Causas externas
W330,Causas externas
W331,Causas externas
W332,Causas externas
W333,Causas externas
W334,Causas externas
W335,Causas externas
W336,Causas externas
W337,Causas externas
W338,Causas externas
W339,Causas externas
W34,Causas externas
W340,Causas externas
W341,Causas externas
W342,Causas externas
W343,Causas externas
W344,Causas externas
W345,Causas externas
W346,Causas externas
W347,Causas externas
W348,Causas externas
W349,Causas externas
W35,Causas externas
W350,Causas externas
W351,Causas externas
W352,Causas externas
W353,Causas externas
W354,Causas externas
W355,Causas externas
W356,Causas externas
W357,Causas externas
W358,Causas externas
W359,Causas externas
W36,Causas externas
W360,Causas externas
W361,Causas externas
W362,Causas externas
W363,Causas externas
W364,Causas externas
W365,Causas externas
W366,Causas externas
W367,Causas externas
W368,Causas externas
W369,Causas externas
W37,Causas externas
W370,Causas externas
W371,Causas externas
W372,Causas externas
W373,Causas externas
W374,Causas externas
W375,Causas externas
W376,Causas externas
W377,Causas externas
W378,Causas externas
W379,Causas externas
W38,Causas externas
W380,Causas externas
W381,Causas externas
W382,Causas externas
W383,Causas externas
W384,Causas externas
W385,Causas externas
W386,Causas externas
W387,Causas externas
W388,Causas externas
W389,Causas externas
W39,Causas externas
W390,Causas externas
W391,Causas externas
W392,Causas externas
W393,Causas externas
W394,Causas externas
W395,Causas externas
W396,Causas externas
W397,Causas externas
W398,Causas externas
W399,Causas externas
W40,Causas externas
W400,Causas externas
W401,Causas externas
W402,Causas externas
W403,Causas externas
W404,Causas externas
W405,Causas externas
W406,Causas externas
W407,Causas externas
W408,Causas externas
W409,Causas externas
W41,Causas externas
W410,Causas externas
W411,Causas externas
W412,Causas externas
W413,Causas externas
W414,Causas externas
W415,Causas externas
W416,Causas externas
W417,Causas externas
W418,Causas externas
W419,Causas externas
W42,Causas externas
W420,Causas externas
W421,Causas externas
W422,Causas externas
W423,Causas externas
W424,Causas externas
W425,Causas externas
W426,Causas externas
W427,Causas externas
W428,Causas externas
W429,Causas externas
W43,Causas externas
W430,Causas externas
W431,Causas externas
W432,Causas externas
W433,Causas externas
W434,Causas externas
W435,Causas externas
W436,Causas externas
W437,Causas externas
W438,Causas externas
W439,Causas externas
W44,Causas externas
W440,Causas externas
W441,Causas externas
W442,Causas externas
W443,Causas externas
W444,Causas externas
W445,Causas externas
W446,Causas externas
W447,Causas externas
W448,Causas externas
W449,Causas externas
W45,Causas externas
W450,Causas externas
W451,Causas externas
W452,Causas externas
W453,Causas externas
W454,Causas externas
W455,Causas externas
W456,Causas externas
W457,Causas externas
W458,Causas externas
W459,Causas externas
W46,Causas externas
W460,Causas externas
W461,Causas externas
W462,Causas externas
W463,Causas externas
W464,Causas externas
W465,Causas externas
W466,Causas externas
W467,Causas externas
W468,Causas externas
W469,Causas externas
W49,Causas externas
W490,Causas externas
W491,Causas externas
W492,Causas externas
W493,Causas externas
W494,Causas externas
W495,Causas externas
W496,Causas externas
W497,Causas externas
W498,Causas externas
W499,Causas externas
W50,Causas externas
W500,Causas externas
W501,Causas externas
W502,Causas externas
W503,Causas externas
W504,Causas externas
W505,Causas externas
W506,Causas externas
W507,Causas externas
W508,Causas externas
W509,Causas externas
W51,Causas externas
W510,Causas externas
W511,Causas externas
W512,Causas externas
W513,Causas externas
W514,Causas externas
W515,Causas externas
W516,Causas externas
W517,Causas externas
W518,Causas externas
W519,Causas externas
W52,Causas externas
W520,Causas externas
W521,Causas externas
W522,Causas externas
W523,Causas externas
W524,Causas externas
W525,Causas externas
W526,Causas externas
W527,Causas externas
W528,Causas externas
W529,Causas externas
W53,Causas externas
W530,Causas externas
W531,Causas externas
W532,Causas externas
W533,Causas externas
W534,Causas externas
W535,Causas externas
W536,Causas externas
W537,Causas externas
W538,Causas externas
W539,Causas externas
W54,Causas externas
W540,Causas externas
W541,Causas externas
W542,Causas externas
W543,Causas externas
W544,Causas externas
W545,Causas externas
W546,Causas externas
W547,Causas externas
W548,Causas externas
W549,Causas externas
W55,Causas externas
W550,Causas externas
W551,Causas externas
W552,Causas externas
W553,Causas externas
W554,Causas externas
W555,Causas externas
W556,Causas externas
W557,Causas externas
W558,Causas externas
W559,Causas externas
W56,Causas externas
W560,Causas externas
W561,Causas externas
W562,Causas externas
W563,Causas externas
W564,Causas externas
W565,Causas externas
W566,Causas externas
W567,Causas externas
W568,Causas externas
W569,Causas externas
W57,Causas externas
W570,Causas externas
W571,Causas externas
W572,Causas externas
W573,Causas externas
W574,Causas externas
W575,Causas externas
W576,Causas externas
W577,Causas externas
W578,Causas externas
W579,Causas externas
W58,Causas externas
W580,Causas externas
W581,Causas externas
W582,Causas externas
W583,Causas externas
W584,Causas externas
W585,Causas externas
W586,Causas externas
W587,Causas externas
W588,Causas externas
W589,Causas externas
W59,Causas externas
W590,Causas externas
W591,Causas externas
W592,Causas externas
W593,Causas externas
W594,Causas externas
W595,Causas externas
W596,Causas externas
W597,Causas externas
W598,Causas externas
W599,Causas externas
W60,Causas externas
W600,Causas externas
W601,Causas externas
W602,Causas externas
W603,Causas externas
W604,Causas externas
W605,Causas externas
W606,Causas externas
W607,Causas externas
W608,Causas externas
W609,Causas externas
W64,Causas externas
W640,Causas externas
W641,Causas externas
W642,Causas externas
W643,Causas externas
W644,Causas externas
W645,Causas externas
W646,Causas externas
W647,Causas externas
W648,Causas externas
W649,Causas externas
W65,Causas externas
W650,Causas externas
W651,Causas externas
W652,Causas externas
W653,Causas externas
W654,Causas externas
W655,Causas externas
W656,Causas externas
W657,Causas externas
W658,Causas externas
W659,Causas externas
W66,Causas externas
W660,Causas externas
W661,Causas externas
W662,Causas externas
W663,Causas externas
W664,Causas externas
W665,Causas externas
W666,Causas externas
W667,Causas externas
W668,Causas externas
W669,Causas externas
W67,Causas externas
W670,Causas externas
W671,Causas externas
W672,Causas externas
W673,Causas externas
W674,Causas externas
W675,Causas externas
W676,Causas externas
W677,Causas externas
W678,Causas externas
W679,Causas externas
W68,Causas externas
W680,Causas externas
W681,Causas externas
W682,Causas externas
W683,Causas externas
W684,Causas externas
W685,Causas externas
W686,Causas externas
W687,Causas externas
W688,Causas externas
W689,Causas externas
W69,Causas externas
W690,Causas externas
W691,Causas externas
W692,Causas externas
W693,Causas externas
W694,Causas externas
W695,Causas externas
W696,Causas externas
W697,Causas externas
W698,Causas externas
W699,Causas externas
W70,Causas externas
W700,Causas externas
W701,Causas externas
W702,Causas externas
W703,Causas externas
W704,Causas externas
W705,Causas externas
W706,Causas externas
W707,Causas externas
W708,Causas externas
W709,Causas externas
W73,Causas externas
W730,Causas externas
W731,Causas externas
W732,Causas externas
W733,Causas externas
W734,Causas externas
W735,Causas externas
W736,Causas externas
W737,Causas externas
W738,Causas externas
W739,Causas externas
W74,Causas externas
W740,Causas externas
W741,Causas externas
W742,Causas externas
W743,Causas externas
W744,Causas externas
W745,Causas externas
W746,Causas externas
W747,Causas externas
W748,Causas externas
W749,Causas externas
W75,Causas externas
W750,Causas externas
W751,Causas externas
W752,Causas externas
W753,Causas externas
W754,Causas externas
W755,Causas externas
W756,Causas externas
W757,Causas externas
W758,Causas externas
W759,Causas externas
W76,Causas externas
W760,Causas externas
W761,Causas externas
W762,Causas externas
W763,Causas externas
W764,Causas externas
W765,Causas externas
W766,Causas externas
W767,Causas externas
W768,Causas externas
W769,Causas externas
W77,Causas externas
W770,Causas externas
W771,Causas externas
W772,Causas externas
W773,Causas externas
W774,Causas externas
W775,Causas externas
W776,Causas externas
W777,Causas externas
W778,Causas externas
W779,Causas externas
W78,Causas externas
W780,Causas externas
W781,Causas externas
W782,Causas externas
W783,Causas externas
W784,Causas externas
W785,Causas externas
W786,Causas externas
W787,Causas externas
W788,Causas externas
W789,Causas externas
W79,Causas externas
W790,Causas externas
W791,Causas externas
W792,Causas externas
W793,Causas externas
W794,Causas externas
W795,Causas externas
W796,Causas externas
W797,Causas externas
W798,Causas externas
W799,Causas externas
W80,Causas externas
W800,Causas externas
W801,Causas externas
W802,Causas externas
W803,Causas externas
W804,Causas externas
W805,Causas externas
W806,Causas externas
W807,Causas externas
W808,Causas externas
W809,Causas externas
W81,Causas externas
W810,Causas externas
W811,Causas externas
W812,Causas externas
W813,Causas externas
W814,Causas externas
W815,Causas externas
W816,Causas externas
W817,Causas externas
W818,Causas externas
W819,Causas externas
W83,Causas externas
W830,Causas externas
W831,Causas externas
W832,Causas externas
W833,Causas externas
W834,Causas externas
W835,Causas externas
W836,Causas externas
W837,Causas externas
W838,Causas externas
W839,Causas externas
W84,Causas externas
W840,Causas externas
W841,Causas externas
W842,Causas externas
W843,Causas externas
W844,Causas externas
W845,Causas externas
W846,Causas externas
W847,Causas externas
W848,Causas externas
W849,Causas externas
W85,Causas externas
W850,Causas externas
W851,Causas externas
W852,Causas externas
W853,Causas externas
W854,Causas externas
W855,Causas externas
W856,Causas externas
W857,Causas externas
W858,Causas externas
W859,Causas externas
W86,Causas externas
W860,Causas externas
W861,Causas externas
W862,Causas externas
W863,Causas externas
W864,Causas externas
W865,Causas externas
W866,Causas externas
W867,Causas externas
W868,Causas externas
W869,Causas externas
W87,Causas externas
W870,Causas externas
W871,Causas externas
W872,Causas externas
W873,Causas externas
W874,Causas externas
W875,Causas externas
W876,Causas externas
W877,Causas externas
W878,Causas externas
W879,Causas externas
W88,Causas externas
W880,Causas externas
W881,Causas externas
W882,Causas externas
W883,Causas externas
W884,Causas externas
W885,Causas externas
W886,Causas externas
W887,Causas externas
W888,Causas externas
W889,Causas externas
W89,Causas externas
W890,Causas externas
W891,Causas externas
W892,Causas externas
W893,Causas externas
W894,Causas externas
W895,Causas externas
W896,Causas externas
W897,Causas externas
W898,Causas externas
W899,Causas externas
W90,Causas externas
W900,Causas externas
W901,Causas externas
W902,Causas externas
W903,Causas externas
W904,Causas externas
W905,Causas externas
W906,Causas externas
W907,Causas externas
W908,Causas externas
W909,Causas externas
W91,Causas externas
W910,Causas externas
W911,Causas externas
W912,Causas externas
W913,Causas externas
W914,Causas externas
W915,Causas externas
W916,Causas externas
W917,Causas externas
W918,Causas externas
W919,Causas externas
W92,Causas externas
W920,Causas externas
W921,Causas externas
W922,Causas externas
W923,Causas externas
W924,Causas externas
W925,Causas externas
W926,Causas externas
W927,Causas externas
W928,Causas externas
W929,Causas externas
W93,Causas externas
W930,Causas externas
W931,Causas externas
W932,Causas externas
W933,Causas externas
W934,Causas externas
W935,Causas externas
W936,Causas externas
W937,Causas externas
W938,Causas externas
W939,Causas externas
W94,Causas externas
W940,Causas externas
W941,Causas externas
W942,Causas externas
W943,Causas externas
W944,Causas externas
W945,Causas externas
W946,Causas externas
W947,Causas externas
W948,Causas externas
W949,Causas externas
W99,Causas externas
W990,Causas externas
W991,Causas externas
W992,Causas externas
W993,Causas externas
W994,Causas externas
W995,Causas externas
W996,Causas externas
W997,Causas externas
W998,Causas externas
W999,Causas externas
X00,Causas externas
X000,Causas externas
X001,Causas externas
X002,Causas externas
X003,Causas externas
X004,Causas externas
X005,Causas externas
X006,Causas externas
X007,Causas externas
X008,Causas externas
X009,Causas externas
X01,Causas externas
X010,Causas externas
X011,Causas externas
X012,Causas externas
X013,Causas externas
X014,Causas externas
X015,Causas externas
X016,Causas externas
X017,Causas externas
X018,Causas externas
X019,Causas externas
X02,Causas externas
X020,Causas externas
X021,Causas externas
X022,Causas externas
X023,Causas externas
X024,Causas externas
X025,Causas externas
X026,Causas externas
X027,Causas externas
X028,Causas externas
X029,Causas externas
X03,Causas externas
X030,Causas externas
X031,Causas externas
X032,Causas externas
X033,Causas externas
X034,Causas externas
X035,Causas externas
X036,Causas externas
X037,Causas externas
X038,Causas externas
X039,Causas externas
X04,Causas externas
X040,Causas externas
X041,Causas externas
X042,Causas externas
X043,Causas externas
X044,Causas externas
X045,Causas externas
X046,Causas externas
X047,Causas externas
X048,Causas externas
X049,Causas externas
X05,Causas externas
X050,Causas externas
X051,Causas externas
X052,Causas externas
X053,Causas externas
X054,Causas externas
X055,Causas externas
X056,Causas externas
X057,Causas externas
X058,Causas externas
X059,Causas externas
X06,Causas externas
X060,Causas externas
X061,Causas externas
X062,Causas externas
X063,Causas externas
X064,Causas externas
X065,Causas externas
X066,Causas externas
X067,Causas externas
X068,Causas externas
X069,Causas externas
X08,Causas externas
X080,Causas externas
X081,Causas externas
X082,Causas externas
X083,Causas externas
X084,Causas externas
X085,Causas externas
X086,Causas externas
X087,Causas externas
X088,Causas externas
X089,Causas externas
X09,Causas externas
X090,Causas externas
X091,Causas externas
X092,Causas externas
X093,Causas externas
X094,Causas externas
X095,Causas externas
X096,Causas externas
X097,Causas externas
X098,Causas externas
X099,Causas externas
X10,Causas externas
X100,Causas externas
X101,Causas externas
X102,Causas externas
X103,Causas externas
X104,Causas externas
X105,Causas externas
X106,Causas externas
X107,Causas externas
X108,Causas externas
X109,Causas externas
X11,Causas externas
X110,Causas externas
X111,Causas externas
X112,Causas externas
X113,Causas externas
X114,Causas externas
X115,Causas externas
X116,Causas externas
X117,Causas externas
X118,Causas externas
X119,Causas externas
X12,Causas externas
X120,Causas externas
X121,Causas externas
X122,Causas externas
X123,Causas externas
X124,Causas externas
X125,Causas externas
X126,Causas externas
X127,Causas externas
X128,Causas externas
X129,Causas externas
X13,Causas externas
X130,Causas externas
X131,Causas externas
X132,Causas externas
X133,Causas externas
X134,Causas externas
X135,Causas externas
X136,Causas externas
X137,Causas externas
X138,Causas externas
X139,Causas externas
X14,Causas externas
X140,Causas externas
X141,Causas externas
X142,Causas externas
X143,Causas externas
X144,Causas externas
X145,Causas externas
X146,Causas externas
X147,Causas externas
X148,Causas externas
X149,Causas externas
X15,Causas externas
X150,Causas externas
X151,Causas externas
X152,Causas externas
X153,Causas externas
X154,Causas externas
X155,Causas externas
X156,Causas externas
X157,Causas externas
X158,Causas externas
X159,Causas externas
X16,Causas externas
X160,Causas externas
X161,Causas externas
X162,Causas externas
X163,Causas externas
X164,Causas externas
X165,Causas externas
X166,Causas externas
X167,Causas externas
X168,Causas externas
X169,Causas externas
X17,Causas externas
X170,Causas externas
X171,Causas externas
X172,Causas externas
X173,Causas externas
X174,Causas externas
X175,Causas externas
X176,Causas externas
X177,Causas externas
X178,Causas externas
X179,Causas externas
X18,Causas externas
X180,Causas externas
X181,Causas externas
X182,Causas externas
X183,Causas externas
X184,Causas externas
X185,Causas externas
X186,Causas externas
X187,Causas externas
X188,Causas externas
X189,Causas externas
X19,Causas externas
X190,Causas externas
X191,Causas externas
X192,Causas externas
X193,Causas externas
X194,Causas externas
X195,Causas externas
X196,Causas externas
X197,Causas externas
X198,Causas externas
X199,Causas externas
X20,Causas externas
X200,Causas externas
X201,Causas externas
X202,Causas externas
X203,Causas externas
X204,Causas externas
X205,Causas externas
X206,Causas externas
X207,Causas externas
X208,Causas externas
X209,Causas externas
X21,Causas externas
X210,Causas externas
X211,Causas externas
X212,Causas externas
X213,Causas externas
X214,Causas externas
X215,Causas externas
X216,Causas externas
X217,Causas externas
X218,Causas externas
X219,Causas externas
X22,Causas externas
X220,Causas externas
X221,Causas externas
X222,Causas externas
X223,Causas externas
X224,Causas externas
X225,Causas externas
X226,Causas externas
X227,Causas externas
X228,Causas externas
X229,Causas externas
X23,Causas externas
X230,Causas externas
X231,Causas externas
X232,Causas externas
X233,Causas externas
X234,Causas externas
X235,Causas externas
X236,Causas externas
X237,Causas externas
X238,Causas externas
X239,Causas externas
X24,Causas externas
X240,Causas externas
X241,Causas externas
X242,Causas externas
X243,Causas externas
X244,Causas externas
X245,Causas externas
X246,Causas externas
X247,Causas externas
X248,Causas externas
X249,Causas externas
X25,Causas externas
X250,Causas externas
X251,Causas externas
X252,Causas externas
X253,Causas externas
X254,Causas externas
X255,Causas externas
X256,Causas externas
X257,Causas externas
X258,Causas externas
X259,Causas externas
X26,Causas externas
X260,Causas externas
X261,Causas externas
X262,Causas externas
X263,Causas externas
X264,Causas externas
X265,Causas externas
X266,Causas externas
X267,Causas externas
X268,Causas externas
X269,Causas externas
X27,Causas externas
X270,Causas externas
X271,Causas externas
X272,Causas externas
X273,Causas externas
X274,Causas externas
X275,Causas externas
X276,Causas externas
X277,Causas externas
X278,Causas externas
X279,Causas externas
X28,Causas externas
X280,Causas externas
X281,Causas externas
X282,Causas externas
X283,Causas externas
X284,Causas externas
X285,Causas externas
X286,Causas externas
X287,Causas externas
X288,Causas externas
X289,Causas externas
X29,Causas externas
X290,Causas externas
X291,Causas externas
X292,Causas externas
X293,Causas externas
X294,Causas externas
X295,Causas externas
X296,Causas externas
X297,Causas externas
X298,Causas externas
X299,Causas externas
X30,Causas externas
X300,Causas externas
X301,Causas externas
X302,Causas externas
X303,Causas externas
X304,Causas externas
X305,Causas externas
X306,Causas externas
X307,Causas externas
X308,Causas externas
X309,Causas externas
X31,Causas externas
X310,Causas externas
X311,Causas externas
X312,Causas externas
X313,Causas externas
X314,Causas externas
X315,Causas externas
X316,Causas externas
X317,Causas externas
X318,Causas externas
X319,Causas externas
X32,Causas externas
X320,Causas externas
X321,Causas externas
X322,Causas externas
X323,Causas externas
X324,Causas externas
X325,Causas externas
X326,Causas externas
X327,Causas externas
X328,Causas externas
X329,Causas externas
X33,Causas externas
X330,Causas externas
X331,Causas externas
X332,Causas externas
X333,Causas externas
X334,Causas externas
X335,Causas externas
X336,Causas externas
X337,Causas externas
X338,Causas externas
X339,Causas externas
X34,Causas externas
X340,Causas externas
X341,Causas externas
X342,Causas externas
X343,Causas externas
X344,Causas externas
X345,Causas externas
X346,Causas externas
X347,Causas externas
X348,Causas externas
X349,Causas externas
X35,Causas externas
X350,Causas externas
X351,Causas externas
X352,Causas externas
X353,Causas externas
X354,Causas externas
X355,Causas externas
X356,Causas externas
X357,Causas externas
X358,Causas externas
X359,Causas externas
X36,Causas externas
X360,Causas externas
X361,Causas externas
X362,Causas externas
X363,Causas externas
X364,Causas externas
X365,Causas externas
X366,Causas externas
X367,Causas externas
X368,Causas externas
X369,Causas externas
X37,Causas externas
X370,Causas externas
X371,Causas externas
X372,Causas externas
X373,Causas externas
X374,Causas externas
X375,Causas externas
X376,Causas externas
X377,Causas externas
X378,Causas externas
X379,Causas externas
X38,Causas externas
X380,Causas externas
X381,Causas externas
X382,Causas externas
X383,Causas externas
X384,Causas externas
X385,Causas externas
X386,Causas externas
X387,Causas externas
X388,Causas externas
X389,Causas externas
X39,Causas externas
X390,Causas externas
X391,Causas externas
X392,Causas externas
X393,Causas externas
X394,Causas externas
X395,Causas externas
X396,Causas externas
X397,Causas externas
X398,Causas externas
X399,Causas externas
X40,Causas externas
X400,Causas externas
X401,Causas externas
X402,Causas externas
X403,Causas externas
X404,Causas externas
X405,Causas externas
X406,Causas externas
X407,Causas externas
X408,Causas externas
X409,Causas externas
X41,Causas externas
X410,Causas externas
X411,Causas externas
X412,Causas externas
X413,Causas externas
X414,Causas externas
X415,Causas externas
X416,Causas externas
X417,Causas externas
X418,Causas externas
X419,Causas externas
X42,Causas externas
X420,Causas externas
X421,Causas externas
X422,Causas externas
X423,Causas externas
X424,Causas externas
X425,Causas externas
X426,Causas externas
X427,Causas externas
X428,Causas externas
X429,Causas externas
X43,Causas externas
X430,Causas externas
X431,Causas externas
X432,Causas externas
X433,Causas externas
X434,Causas externas
X435,Causas externas
X436,Causas externas
X437,Causas externas
X438,Causas externas
X439,Causas externas
X44,Causas externas
X440,Causas externas
X441,Causas externas
X442,Causas externas
X443,Causas externas
X444,Causas externas
X445,Causas externas
X446,Causas externas
X447,Causas externas
X448,Causas externas
X449,Causas externas
X45,Causas externas
X450,Causas externas
X451,Causas externas
X452,Causas externas
X453,Causas externas
X454,Causas externas
X455,Causas externas
X456,Causas externas
X457,Causas externas
X458,Causas externas
X459,Causas externas
X46,Causas externas
X460,Causas externas
X461,Causas externas
X462,Causas externas
X463,Causas externas
X464,Causas externas
X465,Causas externas
X466,Causas externas
X467,Causas externas
X468,Causas externas
X469,Causas externas
X47,Causas externas
X470,Causas externas
X471,Causas externas
X472,Causas externas
X473,Causas externas
X474,Causas externas
X475,Causas externas
X476,Causas externas
X477,Causas externas
X478,Causas externas
X479,Causas externas
X48,Causas externas
X480,Causas externas
X481,Causas externas
X482,Causas externas
X483,Causas externas
X484,Causas externas
X485,Causas externas
X486,Causas externas
X487,Causas externas
X488,Causas externas
X489,Causas externas
X49,Causas externas
X490,Causas externas
X491,Causas externas
X492,Causas externas
X493,Causas externas
X494,Causas externas
X495,Causas externas
X496,Causas externas
X497,Causas externas
X498,Causas externas
X499,Causas externas
X50,Causas externas
X500,Causas externas
X501,Causas externas
X502,Causas externas
X503,Causas externas
X504,Causas externas
X505,Causas externas
X506,Causas externas
X507,Causas externas
X508,Causas externas
X509,Causas externas
X51,Causas externas
X510,Causas externas
X511,Causas externas
X512,Causas externas
X513,Causas externas
X514,Causas externas
X515,Causas externas
X516,Causas externas
X517,Causas externas
X518,Causas externas
X519,Causas externas
X52,Causas externas
X520,Causas externas
X521,Causas externas
X522,Causas externas
X523,Causas externas
X524,Causas externas
X525,Causas externas
X526,Causas externas
X527,Causas externas
X528,Causas externas
X529,Causas externas
X53,Causas externas
X530,Causas externas
X531,Causas externas
X532,Causas externas
X533,Causas externas
X534,Causas externas
X535,Causas externas
X536,Causas externas
X537,Causas externas
X538,Causas externas
X539,Causas externas
X54,Causas externas
X540,Causas externas
X541,Causas externas
X542,Causas externas
X543,Causas externas
X544,Causas externas
X545,Causas externas
X546,Causas externas
X547,Causas externas
X548,Causas externas
X549,Causas externas
X57,Causas externas
X570,Causas externas
X571,Causas externas
X572,Causas externas
X573,Causas externas
X574,Causas externas
X575,Causas externas
X576,Causas externas
X577,Causas externas
X578,Causas externas
X579,Causas externas
X58,Causas externas
X580,Causas externas
X581,Causas externas
X582,Causas externas
X583,Causas externas
X584,Causas externas
X585,Causas externas
X586,Causas externas
X587,Causas externas
X588,Causas externas
X589,Causas externas
X59,Causas externas
X590,Causas externas
X599,Causas externas
X60,Causas externas
X600,Causas externas
X601,Causas externas
X602,Causas externas
X603,Causas externas
X604,Causas externas
X605,Causas externas
X606,Causas externas
X607,Causas externas
X608,Causas externas
X609,Causas externas
X61,Causas externas
X610,Causas externas
X611,Causas externas
X612,Causas externas
X613,Causas externas
X614,Causas externas
X615,Causas externas
X616,Causas externas
X617,Causas externas
X618,Causas externas
X619,Causas externas
X62,Causas externas
X620,Causas externas
X621,Causas externas
X622,Causas externas
X623,Causas externas
X624,Causas externas
X625,Causas externas
X626,Causas externas
X627,Causas externas
X628,Causas externas
X629,Causas externas
X63,Causas externas
X630,Causas externas
X631,Causas externas
X632,Causas externas
X633,Causas externas
X634,Causas externas
X635,Causas externas
X636,Causas externas
X637,Causas externas
X638,Causas externas
X639,Causas externas
X64,Causas externas
X640,Causas externas
X641,Causas externas
X642,Causas externas
X643,Causas externas
X644,Causas externas
X645,Causas externas
X646,Causas externas
X647,Causas externas
X648,Causas externas
X649,Causas externas
X65,Causas externas
X650,Causas externas
X651,Causas externas
X652,Causas externas
X653,Causas externas
X654,Causas externas
X655,Causas externas
X656,Causas externas
X657,Causas externas
X658,Causas externas
X659,Causas externas
X66,Causas externas
X660,Causas externas
X661,Causas externas
X662,Causas externas
X663,Causas externas
X664,Causas externas
X665,Causas externas
X666,Causas externas
X667,Causas externas
X668,Causas externas
X669,Causas externas
X67,Causas externas
X670,Causas externas
X671,Causas externas
X672,Causas externas
X673,Causas externas
X674,Causas externas
X675,Causas externas
X676,Causas externas
X677,Causas externas
X678,Causas externas
X679,Causas externas
X68,Causas externas
X680,Causas externas
X681,Causas externas
X682,Causas externas
X683,Causas externas
X684,Causas externas
X685,Causas externas
X686,Causas externas
X687,Causas externas
X688,Causas externas
X689,Causas externas
X69,Causas externas
X690,Causas externas
X691,Causas externas
X692,Causas externas
X693,Causas externas
X694,Causas externas
X695,Causas externas
X696,Causas externas
X697,Causas externas
X698,Causas externas
X699,Causas externas
X70,Causas externas
X700,Causas externas
X701,Causas externas
X702,Causas externas
X703,Causas externas
X704,Causas externas
X705,Causas externas
X706,Causas externas
X707,Causas externas
X708,Causas externas
X709,Causas externas
X71,Causas externas
X710,Causas externas
X711,Causas externas
X712,Causas externas
X713,Causas externas
X714,Causas externas
X715,Causas externas
X716,Causas externas
X717,Causas externas
X718,Causas externas
X719,Causas externas
X72,Causas externas
X720,Causas externas
X721,Causas externas
X722,Causas externas
X723,Causas externas
X724,Causas externas
X725,Causas externas
X726,Causas externas
X727,Causas externas
X728,Causas externas
X729,Causas externas
X73,Causas externas
X730,Causas externas
X731,Causas externas
X732,Causas externas
X733,Causas externas
X734,Causas externas
X735,Causas externas
X736,Causas externas
X737,Causas externas
X738,Causas externas
X739,Causas externas
X74,Causas externas
X740,Causas externas
X741,Causas externas
X742,Causas externas
X743,Causas externas
X744,Causas externas
X745,Causas externas
X746,Causas externas
X747,Causas externas
X748,Causas externas
X749,Causas externas
X75,Causas externas
X750,Causas externas
X751,Causas externas
X752,Causas externas
X753,Causas externas
X754,Causas externas
X755,Causas externas
X756,Causas externas
X757,Causas externas
X758,Causas externas
X759,Causas externas
X76,Causas externas
X760,Causas externas
X761,Causas externas
X762,Causas externas
X763,Causas externas
X764,Causas externas
X765,Causas externas
X766,Causas externas
X767,Causas externas
X768,Causas externas
X769,Causas externas
X77,Causas externas
X770,Causas externas
X771,Causas externas
X772,Causas externas
X773,Causas externas
X774,Causas externas
X775,Causas externas
X776,Causas externas
X777,Causas externas
X778,Causas externas
X779,Causas externas
X78,Causas externas
X780,Causas externas
X781,Causas externas
X782,Causas externas
X783,Causas externas
X784,Causas externas
X785,Causas externas
X786,Causas externas
X787,Causas externas
X788,Causas externas
X789,Causas externas
X79,Causas externas
X790,Causas externas
X791,Causas externas
X792,Causas externas
X793,Causas externas
X794,Causas externas
X795,Causas externas
X796,Causas externas
X797,Causas externas
X798,Causas externas
X799,Causas externas
X80,Causas externas
X800,Causas externas
X801,Causas externas
X802,Causas externas
X803,Causas externas
X804,Causas externas
X805,Causas externas
X806,Causas externas
X807,Causas externas
X808,Causas externas
X809,Causas externas
X81,Causas externas
X810,Causas externas
X811,Causas externas
X812,Causas externas
X813,Causas externas
X814,Causas externas
X815,Causas externas
X816,Causas externas
X817,Causas externas
X818,Causas externas
X819,Causas externas
X82,Causas externas
X820,Causas externas
X821,Causas externas
X822,Causas externas
X823,Causas externas
X824,Causas externas
X825,Causas externas
X826,Causas externas
X827,Causas externas
X828,Causas externas
X829,Causas externas
X83,Causas externas
X830,Causas externas
X831,Causas externas
X832,Causas externas
X833,Causas externas
X834,Causas externas
X835,Causas externas
X836,Causas externas
X837,Causas externas
X838,Causas externas
X839,Causas externas
X84,Causas externas
X840,Causas externas
X841,Causas externas
X842,Causas externas
X843,Causas externas
X844,Causas externas
X845,Causas externas
X846,Causas externas
X847,Causas externas
X848,Causas externas
X849,Causas externas
X85,Causas externas
X850,Causas externas
X851,Causas externas
X852,Causas externas
X853,Causas externas
X854,Causas externas
X855,Causas externas
X856,Causas externas
X857,Causas externas
X858,Causas externas
X859,Causas externas
X86,Causas externas
X860,Causas externas
X861,Causas externas
X862,Causas externas
X863,Causas externas
X864,Causas externas
X865,Causas externas
X866,Causas externas
X867,Causas externas
X868,Causas externas
X869,Causas externas
X87,Causas externas
X870,Causas externas
X871,Causas externas
X872,Causas externas
X873,Causas externas
X874,Causas externas
X875,Causas externas
X876,Causas externas
X877,Causas externas
X878,Causas externas
X879,Causas externas
X88,Causas externas
X880,Causas externas
X881,Causas externas
X882,Causas externas
X883,Causas externas
X884,Causas externas
X885,Causas externas
X886,Causas externas
X887,Causas externas
X888,Causas externas
X889,Causas externas
X89,Causas externas
X890,Causas externas
X891,Causas externas
X892,Causas externas
X893,Causas externas
X894,Causas externas
X895,Causas externas
X896,Causas externas
X897,Causas externas
X898,Causas externas
X899,Causas externas
X90,Causas externas
X900,Causas externas
X901,Causas externas
X902,Causas externas
X903,Causas externas
X904,Causas externas
X905,Causas externas
X906,Causas externas
X907,Causas externas
X908,Causas externas
X909,Causas externas
X91,Causas externas
X910,Causas externas
X911,Causas externas
X912,Causas externas
X913,Causas externas
X914,Causas externas
X915,Causas externas
X916,Causas externas
X917,Causas externas
X918,Causas externas
X919,Causas externas
X92,Causas externas
X920,Causas externas
X921,Causas externas
X922,Causas externas
X923,Causas externas
X924,Causas externas
X925,Causas externas
X926,Causas externas
X927,Causas externas
X928,Causas externas
X929,Causas externas
X93,Causas externas
X930,Causas externas
X931,Causas externas
X932,Causas externas
X933,Causas externas
X934,Causas externas
X935,Causas externas
X936,Causas externas
X937,Causas externas
X938,Causas externas
X939,Causas externas
X94,Causas externas
X940,Causas externas
X941,Causas externas
X942,Causas externas
X943,Causas externas
X944,Causas externas
X945,Causas externas
X946,Causas externas
X947,Causas externas
X948,Causas externas
X949,Causas externas
X95,Causas externas
X950,Causas externas
X951,Causas externas
X952,Causas externas
X953,Causas externas
X954,Causas externas
X955,Causas externas
X956,Causas externas
X957,Causas externas
X958,Causas externas
X959,Causas externas
X96,Causas externas
X960,Causas externas
X961,Causas externas
X962,Causas externas
X963,Causas externas
X964,Causas externas
X965,Causas externas
X966,Causas externas
X967,Causas externas
X968,Causas externas
X969,Causas externas
X97,Causas externas
X970,Causas externas
X971,Causas externas
X972,Causas externas
X973,Causas externas
X974,Causas externas
X975,Causas externas
X976,Causas externas
X977,Causas externas
X978,Causas externas
X979,Causas externas
X98,Causas externas
X980,Causas externas
X981,Causas externas
X982,Causas externas
X983,Causas externas
X984,Causas externas
X985,Causas externas
X986,Causas externas
X987,Causas externas
X988,Causas externas
X989,Causas externas
X99,Causas externas
X990,Causas externas
X991,Causas externas
X992,Causas externas
X993,Causas externas
X994,Causas externas
X995,Causas externas
X996,Causas externas
X997,Causas externas
X998,Causas externas
X999,Causas externas
Y00,Causas externas
Y000,Causas externas
Y001,Causas externas
Y002,Causas externas
Y003,Causas externas
Y004,Causas externas
Y005,Causas externas
Y006,Causas externas
Y007,Causas externas
Y008,Causas externas
Y009,Causas externas
Y01,Causas externas
Y010,Causas externas
Y011,Causas externas
Y012,Causas externas
Y013,Causas externas
Y014,Causas externas
Y015,Causas externas
Y016,Causas externas
Y017,Causas externas
Y018,Causas externas
Y019,Causas externas
Y02,Causas externas
Y020,Causas externas
Y021,Causas externas
Y022,Causas externas
Y023,Causas externas
Y024,Causas externas
Y025,Causas externas
Y026,Causas externas
Y027,Causas externas
Y028,Causas externas
Y029,Causas externas
Y03,Causas externas
Y030,Causas externas
Y031,Causas externas
Y032,Causas externas
Y033,Causas externas
Y034,Causas externas
Y035,Causas externas
Y036,Causas externas
Y037,Causas externas
Y038,Causas externas
Y039,Causas externas
Y04,Causas externas
Y040,Causas externas
Y041,Causas externas
Y042,Causas externas
Y043,Causas externas
Y044,Causas externas
Y045,Causas externas
Y046,Causas externas
Y047,Causas externas
Y048,Causas externas
Y049,Causas externas
Y05,Causas externas
Y050,Causas externas
Y051,Causas externas
Y052,Causas externas
Y053,Causas externas
Y054,Causas externas
Y055,Causas externas
Y056,Causas externas
Y057,Causas externas
Y058,Causas externas
Y059,Causas externas
Y06,Causas externas
Y060,Causas externas
Y061,Causas externas
Y062,Causas externas
Y068,Causas externas
Y069,Causas externas
Y07,Causas externas
Y070,Causas externas
Y071,Causas externas
Y072,Causas externas
Y073,Causas externas
Y078,Causas externas
Y079,Causas externas
Y08,Causas externas
Y080,Causas externas
Y081,Causas externas
Y082,Causas externas
Y083,Causas externas
Y084,Causas externas
Y085,Causas externas
Y086,Causas externas
Y087,Causas externas
Y088,Causas externas
Y089,Causas externas
Y09,Causas externas
Y090,Causas externas
Y091,Causas externas
Y092,Causas externas
Y093,Causas externas
Y094,Causas externas
Y095,Causas externas
Y096,Causas externas
Y097,Causas externas
Y098,Causas externas
Y099,Causas externas
Y10,Causas externas
Y100,Causas externas
Y101,Causas externas
Y102,Causas externas
Y103,Causas externas
Y104,Causas externas
Y105,Causas externas
Y106,Causas externas
Y107,Causas externas
Y108,Causas externas
Y109,Causas externas
Y11,Causas externas
Y110,Causas externas
Y111,Causas externas
Y112,Causas externas
Y113,Causas externas
Y114,Causas externas
Y115,Causas externas
Y116,Causas externas
Y117,Causas externas
Y118,Causas externas
Y119,Causas externas
Y12,Causas externas
Y120,Causas externas
Y121,Causas externas
Y122,Causas externas
Y123,Causas externas
Y124,Causas externas
Y125,Causas externas
Y126,Causas externas
Y127,Causas externas
Y128,Causas externas
Y129,Causas externas
Y13,Causas externas
Y130,Causas externas
Y131,Causas externas
Y132,Causas externas
Y133,Causas externas
Y134,Causas externas
Y135,Causas externas
Y136,Causas externas
Y137,Causas externas
Y138,Causas externas
Y139,Causas externas
Y14,Causas externas
Y140,Causas externas
Y141,Causas externas
Y142,Causas externas
Y143,Causas externas
Y144,Causas externas
Y145,Causas externas
Y146,Causas externas
Y147,Causas externas
Y148,Causas externas
Y149,Causas externas
Y15,Causas externas
Y150,Causas externas
Y151,Causas externas
Y152,Causas externas
Y153,Causas externas
Y154,Causas externas
Y155,Causas externas
Y156,Causas externas
Y157,Causas externas
Y158,Causas externas
Y159,Causas externas
Y16,Causas externas
Y160,Causas externas
Y161,Causas externas
Y162,Causas externas
Y163,Causas externas
Y164,Causas externas
Y165,Causas externas
Y166,Causas externas
Y167,Causas externas
Y168,Causas externas
Y169,Causas externas
Y17,Causas externas
Y170,Causas externas
Y171,Causas externas
Y172,Causas externas
Y173,Causas externas
Y174,Causas externas
Y175,Causas externas
Y176,Causas externas
Y177,Causas externas
Y178,Causas externas
Y179,Causas externas
Y18,Causas externas
Y180,Causas externas
Y181,Causas externas
Y182,Causas externas
Y183,Causas externas
Y184,Causas externas
Y185,Causas externas
Y186,Causas externas
Y187,Causas externas
Y188,Causas externas
Y189,Causas externas
Y19,Causas externas
Y190,Causas externas
Y191,Causas externas
Y192,Causas externas
Y193,Causas externas
Y194,Causas externas
Y195,Causas externas
Y196,Causas externas
Y197,Causas externas
Y198,Causas externas
Y199,Causas externas
Y20,Causas externas
Y200,Causas externas
Y201,Causas externas
Y202,Causas externas
Y203,Causas externas
Y204,Causas externas
Y205,Causas externas
Y206,Causas externas
Y207,Causas externas
Y208,Causas externas
Y209,Causas externas
Y21,Causas externas
Y210,Causas externas
Y211,Causas externas
Y212,Causas externas
Y213,Causas externas
Y214,Causas externas
Y215,Causas externas
Y216,Causas externas
Y217,Causas externas
Y218,Causas externas
Y219,Causas externas
Y22,Causas externas
Y220,Causas externas
Y221,Causas externas
Y222,Causas externas
Y223,Causas externas
Y224,Causas externas
Y225,Causas externas
Y226,Causas externas
Y227,Causas externas
Y228,Causas externas
Y229,Causas externas
Y23,Causas externas
Y230,Causas externas
Y231,Causas externas
Y232,Causas externas
Y233,Causas externas
Y234,Causas externas
Y235,Causas externas
Y236,Causas externas
Y237,Causas externas
Y238,Causas externas
Y239,Causas externas
Y24,Causas externas
Y240,Causas externas
Y241,Causas externas
Y242,Causas externas
Y243,Causas externas
Y244,Causas externas
Y245,Causas externas
Y246,Causas externas
Y247,Causas externas
Y248,Causas externas
Y249,Causas externas
Y25,Causas externas
Y250,Causas externas
Y251,Causas externas
Y252,Causas externas
Y253,Causas externas
Y254,Causas externas
Y255,Causas externas
Y256,Causas externas
Y257,Causas externas
Y258,Causas externas
Y259,Causas externas
Y26,Causas externas
Y260,Causas externas
Y261,Causas externas
Y262,Causas externas
Y263,Causas externas
Y264,Causas externas
Y265,Causas externas
Y266,Causas externas
Y267,Causas externas
Y268,Causas externas
Y269,Causas externas
Y27,Causas externas
Y270,Causas externas
Y271,Causas externas
Y272,Causas externas
Y273,Causas externas
Y274,Causas externas
Y275,Causas externas
Y276,Causas externas
Y277,Causas externas
Y278,Causas externas
Y279,Causas externas
Y28,Causas externas
Y280,Causas externas
Y281,Causas externas
Y282,Causas externas
Y283,Causas externas
Y284,Causas externas
Y285,Causas externas
Y286,Causas externas
Y287,Causas externas
Y288,Causas externas
Y289,Causas externas
Y29,Causas externas
Y290,Causas externas
Y291,Causas externas
Y292,Causas externas
Y293,Causas externas
Y294,Causas externas
Y295,Causas externas
Y296,Causas externas
Y297,Causas externas
Y298,Causas externas
Y299,Causas externas
Y30,Causas externas
Y300,Causas externas
Y301,Causas externas
Y302,Causas externas
Y303,Causas externas
Y304,Causas externas
Y305,Causas externas
Y306,Causas externas
Y307,Causas externas
Y308,Causas externas
Y309,Causas externas
Y31,Causas externas
Y310,Causas externas
Y311,Causas externas
Y312,Causas externas
Y313,Causas externas
Y314,Causas externas
Y315,Causas externas
Y316,Causas externas
Y317,Causas externas
Y318,Causas externas
Y319,Causas externas
Y32,Causas externas
Y320,Causas externas
Y321,Causas externas
Y322,Causas externas
Y323,Causas externas
Y324,Causas externas
Y325,Causas externas
Y326,Causas externas
Y327,Causas externas
Y328,Causas externas
Y329,Causas externas
Y33,Causas externas
Y330,Causas externas
Y331,Causas externas
Y332,Causas externas
Y333,Causas externas
Y334,Causas externas
Y335,Causas externas
Y336,Causas externas
Y337,Causas externas
Y338,Causas externas
Y339,Causas externas
Y34,Causas externas
Y340,Causas externas
Y341,Causas externas
Y342,Causas externas
Y343,Causas externas
Y344,Causas externas
Y345,Causas externas
Y346,Causas externas
Y347,Causas externas
Y348,Causas externas
Y349,Causas externas
Y35,Causas externas
Y350,Causas externas
Y351,Causas externas
Y352,Causas externas
Y353,Causas externas
Y354,Causas externas
Y355,Causas externas
Y356,Causas externas
Y357,Causas externas
Y36,Causas externas
Y360,Causas externas
Y361,Causas externas
Y362,Causas externas
Y363,Causas externas
Y364,Causas externas
Y365,Causas externas
Y366,Causas externas
Y367,Causas externas
Y368,Causas externas
Y369,Causas externas
Y40,Causas externas
Y400,Causas externas
Y401,Causas externas
Y402,Causas externas
Y403,Causas externas
Y404,Causas externas
Y405,Causas externas
Y406,Causas externas
Y407,Causas externas
Y408,Causas externas
Y409,Causas externas
Y41,Causas externas
Y410,Causas externas
Y411,Causas externas
Y412,Causas externas
Y413,Causas externas
Y414,Causas externas
Y415,Causas externas
Y418,Causas externas
Y419,Causas externas
Y42,Causas externas
Y420,Causas externas
Y421,Causas externas
Y422,Causas externas
Y423,Causas externas
Y424,Causas externas
Y425,Causas externas
Y426,Causas externas
Y427,Causas externas
Y428,Causas externas
Y429,Causas externas
Y43,Causas externas
Y430,Causas externas
Y431,Causas externas
Y432,Causas externas
Y433,Causas externas
Y434,Causas externas
Y435,Causas externas
Y436,Causas externas
Y438,Causas externas
Y439,Causas externas
Y44,Causas externas
Y440,Causas externas
Y441,Causas externas
Y442,Causas externas
Y443,Causas externas
Y444,Causas externas
Y445,Causas externas
Y446,Causas externas
Y447,Causas externas
Y449,Causas externas
Y45,Causas externas
Y450,Causas externas
Y451,Causas externas
Y452,Causas externas
Y453,Causas externas
Y454,Causas externas
Y455,Causas externas
Y458,Causas externas
Y459,Causas externas
Y46,Causas externas
Y460,Causas externas
Y461,Causas externas
Y462,Causas externas
Y463,Causas externas
Y464,Causas externas
Y465,Causas externas
Y466,Causas externas
Y467,Causas externas
Y468,Causas externas
Y47,Causas externas
Y470,Causas externas
Y471,Causas externas
Y472,Causas externas
Y473,Causas externas
Y474,Causas externas
Y475,Causas externas
Y478,Causas externas
Y479,Causas externas
Y48,Causas externas
Y480,Causas externas
Y481,Causas externas
Y482,Causas externas
Y483,Causas externas
Y484,Causas externas
Y485,Causas externas
Y49,Causas externas
Y490,Causas externas
Y491,Causas externas
Y492,Causas externas
Y493,Causas externas
Y494,Causas externas
Y495,Causas externas
Y496,Causas externas
Y497,Causas externas
Y498,Causas externas
Y499,Causas externas
Y50,Causas externas
Y500,Causas externas
Y501,Causas externas
Y502,Causas externas
Y508,Causas externas
Y509,Causas externas
Y51,Causas externas
Y510,Causas externas
Y511,Causas externas
Y512,Causas externas
Y513,Causas externas
Y514,Causas externas
Y515,Causas externas
Y516,Causas externas
Y517,Causas externas
Y518,Causas externas
Y519,Causas externas
Y52,Causas externas
Y520,Causas externas
Y521,Causas externas
Y522,Causas externas
Y523,Causas externas
Y524,Causas externas
Y525,Causas externas
Y526,Causas externas
Y527,Causas externas
Y528,Causas externas
Y529,Causas externas
Y53,Causas externas
Y530,Causas externas
Y531,Causas externas
Y532,Causas externas
Y533,Causas externas
Y534,Causas externas
Y535,Causas externas
Y536,Causas externas
Y537,Causas externas
Y538,Causas externas
Y539,Causas externas
Y54,Causas externas
Y540,Causas externas
Y541,Causas externas
Y542,Causas externas
Y543,Causas externas
Y544,Causas externas
Y545,Causas externas
Y546,Causas externas
Y547,Causas externas
Y548,Causas externas
Y549,Causas externas
Y55,Causas externas
Y550,Causas externas
Y551,Causas externas
Y552,Causas externas
Y553,Causas externas
Y554,Causas externas
Y555,Causas externas
Y556,Causas externas
Y559,Causas externas
Y56,Causas externas
Y560,Causas externas
Y561,Causas externas
Y562,Causas externas
Y563,Causas externas
Y564,Causas externas
Y565,Causas externas
Y566,Causas externas
Y567,Causas externas
Y568,Causas externas
Y569,Causas externas
Y57,Causas externas
Y570,Causas externas
Y571,Causas externas
Y572,Causas externas
Y573,Causas externas
Y574,Causas externas
Y575,Causas externas
Y576,Causas externas
Y577,Causas externas
Y578,Causas externas
Y579,Causas externas
Y58,Causas externas
Y580,Causas externas
Y581,Causas externas
Y582,Causas externas
Y583,Causas externas
Y584,Causas externas
Y585,Causas externas
Y586,Causas externas
Y588,Causas externas
Y589,Causas externas
Y59,Causas externas
Y590,Causas externas
Y591,Causas externas
Y592,Causas externas
Y593,Causas externas
Y598,Causas externas
Y599,Causas externas
Y60,Causas externas
Y600,Causas externas
Y601,Causas externas
Y602,Causas externas
Y603,Causas externas
Y604,Causas externas
Y605,Causas externas
Y606,Causas externas
Y607,Causas externas
Y608,Causas externas
Y609,Causas externas
Y61,Causas externas
Y610,Causas externas
Y611,Causas externas
Y612,Causas externas
Y613,Causas externas
Y614,Causas externas
Y615,Causas externas
Y616,Causas externas
Y617,Causas externas
Y618,Causas externas
Y619,Causas externas
Y62,Causas externas
Y620,Causas externas
Y621,Causas externas
Y622,Causas externas
Y623,Causas externas
Y624,Causas externas
Y625,Causas externas
Y626,Causas externas
Y628,Causas externas
Y629,Causas externas
Y63,Causas externas
Y630,Causas externas
Y631,Causas externas
Y632,Causas externas
Y633,Causas externas
Y634,Causas externas
Y635,Causas externas
Y636,Causas externas
Y638,Causas externas
Y639,Causas externas
Y64,Causas externas
Y640,Causas externas
Y641,Causas externas
Y648,Causas externas
Y649,Causas externas
Y65,Causas externas
Y650,Causas externas
Y651,Causas externas
Y652,Causas externas
Y653,Causas externas
Y654,Causas externas
Y655,Causas externas
Y658,Causas externas
Y66,Causas externas
Y69,Causas externas
Y70,Causas externas
Y700,Causas externas
Y701,Causas externas
Y702,Causas externas
Y703,Causas externas
Y708,Causas externas
Y71,Causas externas
Y710,Causas externas
Y711,Causas externas
Y712,Causas externas
Y713,Causas externas
Y718,Causas externas
Y72,Causas externas
Y720,Causas externas
Y721,Causas externas
Y722,Causas externas
Y723,Causas externas
Y728,Causas externas
Y73,Causas externas
Y730,Causas externas
Y731,Causas externas
Y732,Causas externas
Y733,Causas externas
Y738,Causas externas
Y74,Causas externas
Y740,Causas externas
Y741,Causas externas
Y742,Causas externas
Y743,Causas externas
Y748,Causas externas
Y75,Causas externas
Y750,Causas externas
Y751,Causas externas
Y752,Causas externas
Y753,Causas externas
Y758,Causas externas
Y76,Causas externas
Y760,Causas externas
Y761,Causas externas
Y762,Causas externas
Y763,Causas externas
Y768,Causas externas
Y77,Causas externas
Y770,Causas externas
Y771,Causas externas
Y772,Causas externas
Y773,Causas externas
Y778,Causas externas
Y78,Causas externas
Y780,Causas externas
Y781,Causas externas
Y782,Causas externas
Y783,Causas externas
Y788,Causas externas
Y79,Causas externas
Y790,Causas externas
Y791,Causas externas
Y792,Causas externas
Y793,Causas externas
Y798,Causas externas
Y80,Causas externas
Y800,Causas externas
Y801,Causas externas
Y802,Causas externas
Y803,Causas externas
Y808,Causas externas
Y81,Causas externas
Y810,Causas externas
Y811,Causas externas
Y812,Causas externas
Y813,Causas externas
Y818,Causas externas
Y82,Causas externas
Y820,Causas externas
Y821,Causas externas
Y822,Causas externas
Y823,Causas externas
Y828,Causas externas
Y83,Causas externas
Y830,Causas externas
Y831,Causas externas
Y832,Causas externas
Y833,Causas externas
Y834,Causas externas
Y835,Causas externas
Y836,Causas externas
Y838,Causas externas
Y839,Causas externas
Y84,Causas externas
Y840,Causas externas
Y841,Causas externas
Y842,Causas externas
Y843,Causas externas
Y844,Causas externas
Y845,Causas externas
Y846,Causas externas
Y847,Causas externas
Y848,Causas externas
Y849,Causas externas
Y85,Causas externas
Y850,Causas externas
Y859,Causas externas
Y86,Causas externas
Y87,Causas externas
Y870,Causas externas
Y871,Causas externas
Y872,Causas externas
Y88,Causas externas
Y880,Causas externas
Y881,Causas externas
Y882,Causas externas
Y883,Causas externas
Y89,Causas externas
Y890,Causas externas
Y891,Causas externas
Y899,Causas externas
Y90,Causas externas
Y900,Causas externas
Y901,Causas externas
Y902,Causas externas
Y903,Causas externas
Y904,Causas externas
Y905,Causas externas
Y906,Causas externas
Y907,Causas externas
Y908,Causas externas
Y909,Causas externas
Y91,Causas externas
Y910,Causas externas
Y911,Causas externas
Y912,Causas externas
Y913,Causas externas
Y919,Causas externas
Y95,Causas externas
Y96,Causas externas
Y97,Causas externas
Y98,Causas externas
Z00,Fatores
Z000,Fatores
Z001,Fatores
Z002,Fatores
Z003,Fatores
Z004,Fatores
Z005,Fatores
Z006,Fatores
Z008,Fatores
Z01,Fatores
Z010,Fatores
Z011,Fatores
Z012,Fatores
Z013,Fatores
Z014,Fatores
Z015,Fatores
Z016,Fatores
Z017,Fatores
Z018,Fatores
Z019,Fatores
Z02,Fatores
Z020,Fatores
Z021,Fatores
Z022,Fatores
Z023,Fatores
Z024,Fatores
Z025,Fatores
Z026,Fatores
Z027,Fatores
Z028,Fatores
Z029,Fatores
Z03,Fatores
Z030,Fatores
Z031,Fatores
Z032,Fatores
Z033,Fatores
Z034,Fatores
Z035,Fatores
Z036,Fatores
Z038,Fatores
Z039,Fatores
Z04,Fatores
Z040,Fatores
Z041,Fatores
Z042,Fatores
Z043,Fatores
Z044,Fatores
Z045,Fatores
Z046,Fatores
Z048,Fatores
Z049,Fatores
Z08,Fatores
Z080,Fatores
Z081,Fatores
Z082,Fatores
Z087,Fatores
Z088,Fatores
Z089,Fatores
Z09,Fatores
Z090,Fatores
Z091,Fatores
Z092,Fatores
Z093,Fatores
Z094,Fatores
Z097,Fatores
Z098,Fatores
Z099,Fatores
Z10,Fatores
Z100,Fatores
Z101,Fatores
Z102,Fatores
Z103,Fatores
Z108,Fatores
Z11,Fatores
Z110,Fatores
Z111,Fatores
Z112,Fatores
Z113,Fatores
Z114,Fatores
Z115,Fatores
Z116,Fatores
Z118,Fatores
Z119,Fatores
Z12,Fatores
Z120,Fatores
Z121,Fatores
Z122,Fatores
Z123,Fatores
Z124,Fatores
Z125,Fatores
Z126,Fatores
Z128,Fatores
Z129,Fatores
Z13,Fatores
Z130,Fatores
Z131,Fatores
Z132,Fatores
Z133,Fatores
Z134,Fatores
Z135,Fatores
Z136,Fatores
Z137,Fatores
Z138,Fatores
Z139,Fatores
Z20,Fatores
Z200,Fatores
Z201,Fatores
Z202,Fatores
Z203,Fatores
Z204,Fatores
Z205,Fatores
Z206,Fatores
Z207,Fatores
Z208,Fatores
Z209,Fatores
Z21,Fatores
Z22,Fatores
Z220,Fatores
Z221,Fatores
Z222,Fatores
Z223,Fatores
Z224,Fatores
Z225,Fatores
Z226,Fatores
Z228,Fatores
Z229,Fatores
Z23,Fatores
Z230,Fatores
Z231,Fatores
Z232,Fatores
Z233,Fatores
Z234,Fatores
Z235,Fatores
Z236,Fatores
Z237,Fatores
Z238,Fatores
Z24,Fatores
Z240,Fatores
Z241,Fatores
Z242,Fatores
Z243,Fatores
Z244,Fatores
Z245,Fatores
Z246,Fatores
Z25,Fatores
Z250,Fatores
Z251,Fatores
Z258,Fatores
Z26,Fatores
Z260,Fatores
Z268,Fatores
Z269,Fatores
Z27,Fatores
Z270,Fatores
Z271,Fatores
Z272,Fatores
Z273,Fatores
Z274,Fatores
Z278,Fatores
Z279,Fatores
Z28,Fatores
Z280,Fatores
Z281,Fatores
Z282,Fatores
Z288,Fatores
Z289,Fatores
Z29,Fatores
Z290,Fatores
Z291,Fatores
Z292,Fatores
Z298,Fatores
Z299,Fatores
Z30,Fatores
Z300,Fatores
Z301,Fatores
Z302,Fatores
Z303,Fatores
Z304,Fatores
Z305,Fatores
Z308,Fatores
Z309,Fatores
Z31,Fatores
Z310,Fatores
Z311,Fatores
Z312,Fatores
Z313,Fatores
Z314,Fatores
Z315,Fatores
Z316,Fatores
Z318,Fatores
Z319,Fatores
Z32,Fatores
Z320,Fatores
Z321,Fatores
Z33,Fatores
Z34,Fatores
Z340,Fatores
Z348,Fatores
Z349,Fatores
Z35,Fatores
Z350,Fatores
Z351,Fatores
Z352,Fatores
Z353,Fatores
Z354,Fatores
Z355,Fatores
Z356,Fatores
Z357,Fatores
Z358,Fatores
Z359,Fatores
Z36,Fatores
Z360,Fatores
Z361,Fatores
Z362,Fatores
Z363,Fatores
Z364,Fatores
Z365,Fatores
Z368,Fatores
Z369,Fatores
Z37,Fatores
Z370,Fatores
Z371,Fatores
Z372,Fatores
Z373,Fatores
Z374,Fatores
Z375,Fatores
Z376,Fatores
Z377,Fatores
Z379,Fatores
Z38,Fatores
Z380,Fatores
Z381,Fatores
Z382,Fatores
Z383,Fatores
Z384,Fatores
Z385,Fatores
Z386,Fatores
Z387,Fatores
Z388,Fatores
Z39,Fatores
Z390,Fatores
Z391,Fatores
Z392,Fatores
Z40,Fatores
Z400,Fatores
Z408,Fatores
Z409,Fatores
Z41,Fatores
Z410,Fatores
Z411,Fatores
Z412,Fatores
Z413,Fatores
Z418,Fatores
Z419,Fatores
Z42,Fatores
Z420,Fatores
Z421,Fatores
Z422,Fatores
Z423,Fatores
Z424,Fatores
Z428,Fatores
Z429,Fatores
Z43,Fatores
Z430,Fatores
Z431,Fatores
Z432,Fatores
Z433,Fatores
Z434,Fatores
Z435,Fatores
Z436,Fatores
Z437,Fatores
Z438,Fatores
Z439,Fatores
Z44,Fatores
Z440,Fatores
Z441,Fatores
Z442,Fatores
Z443,Fatores
Z448,Fatores
Z449,Fatores
Z45,Fatores
Z450,Fatores
Z451,Fatores
Z452,Fatores
Z453,Fatores
Z458,Fatores
Z459,Fatores
Z46,Fatores
Z460,Fatores
Z461,Fatores
Z462,Fatores
Z463,Fatores
Z464,Fatores
Z465,Fatores
Z466,Fatores
Z467,Fatores
Z468,Fatores
Z469,Fatores
Z47,Fatores
Z470,Fatores
Z478,Fatores
Z479,Fatores
Z48,Fatores
Z480,Fatores
Z488,Fatores
Z489,Fatores
Z49,Fatores
Z490,Fatores
Z491,Fatores
Z492,Fatores
Z50,Fatores
Z500,Fatores
Z501,Fatores
Z502,Fatores
Z503,Fatores
Z504,Fatores
Z505,Fatores
Z506,Fatores
Z507,Fatores
Z508,Fatores
Z509,Fatores
Z51,Fatores
Z510,Fatores
Z511,Fatores
Z512,Fatores
Z513,Fatores
Z514,Fatores
Z515,Fatores
Z516,Fatores
Z518,Fatores
Z519,Fatores
Z52,Fatores
Z520,Fatores
Z521,Fatores
Z522,Fatores
Z523,Fatores
Z524,Fatores
Z525,Fatores
Z526,Fatores
Z527,Fatores
Z528,Fatores
Z529,Fatores
Z53,Fatores
Z530,Fatores
Z531,Fatores
Z532,Fatores
Z538,Fatores
Z539,Fatores
Z54,Fatores
Z540,Fatores
Z541,Fatores
Z542,Fatores
Z543,Fatores
Z544,Fatores
Z547,Fatores
Z548,Fatores
Z549,Fatores
Z55,Fatores
Z550,Fatores
Z551,Fatores
Z552,Fatores
Z553,Fatores
Z554,Fatores
Z558,Fatores
Z559,Fatores
Z56,Fatores
Z560,Fatores
Z561,Fatores
Z562,Fatores
Z563,Fatores
Z564,Fatores
Z565,Fatores
Z566,Fatores
Z567,Fatores
Z57,Fatores
Z570,Fatores
Z571,Fatores
Z572,Fatores
Z573,Fatores
Z574,Fatores
Z575,Fatores
Z576,Fatores
Z577,Fatores
Z578,Fatores
Z579,Fatores
Z58,Fatores
Z580,Fatores
Z581,Fatores
Z582,Fatores
Z583,Fatores
Z584,Fatores
Z585,Fatores
Z586,Fatores
Z587,Fatores
Z588,Fatores
Z589,Fatores
Z59,Fatores
Z590,Fatores
Z591,Fatores
Z592,Fatores
Z593,Fatores
Z594,Fatores
Z595,Fatores
Z596,Fatores
Z597,Fatores
Z598,Fatores
Z599,Fatores
Z60,Fatores
Z600,Fatores
Z601,Fatores
Z602,Fatores
Z603,Fatores
Z604,Fatores
Z605,Fatores
Z608,Fatores
Z609,Fatores
Z61,Fatores
Z610,Fatores
Z611,Fatores
Z612,Fatores
Z613,Fatores
Z614,Fatores
Z615,Fatores
Z616,Fatores
Z617,Fatores
Z618,Fatores
Z619,Fatores
Z62,Fatores
Z620,Fatores
Z621,Fatores
Z622,Fatores
Z623,Fatores
Z624,Fatores
Z625,Fatores
Z626,Fatores
Z628,Fatores
Z629,Fatores
Z63,Fatores
Z630,Fatores
Z631,Fatores
Z632,Fatores
Z633,Fatores
Z634,Fatores
Z635,Fatores
Z636,Fatores
Z637,Fatores
Z638,Fatores
Z639,Fatores
Z64,Fatores
Z640,Fatores
Z641,Fatores
Z642,Fatores
Z643,Fatores
Z644,Fatores
Z65,Fatores
Z650,Fatores
Z651,Fatores
Z652,Fatores
Z653,Fatores
Z654,Fatores
Z655,Fatores
Z658,Fatores
Z659,Fatores
Z70,Fatores
Z700,Fatores
Z701,Fatores
Z702,Fatores
Z703,Fatores
Z708,Fatores
Z709,Fatores
Z71,Fatores
Z710,Fatores
Z711,Fatores
Z712,Fatores
Z713,Fatores
Z714,Fatores
Z715,Fatores
Z716,Fatores
Z717,Fatores
Z718,Fatores
Z719,Fatores
Z72,Fatores
Z720,Fatores
Z721,Fatores
Z722,Fatores
Z723,Fatores
Z724,Fatores
Z725,Fatores
Z726,Fatores
Z728,Fatores
Z729,Fatores
Z73,Fatores
Z730,Fatores
Z731,Fatores
Z732,Fatores
Z733,Fatores
Z734,Fatores
Z735,Fatores
Z736,Fatores
Z738,Fatores
Z739,Fatores
Z74,Fatores
Z740,Fatores
Z741,Fatores
Z742,Fatores
Z743,Fatores
Z748,Fatores
Z749,Fatores
Z75,Fatores
Z750,Fatores
Z751,Fatores
Z752,Fatores
Z753,Fatores
Z754,Fatores
Z755,Fatores
Z758,Fatores
Z759,Fatores
Z76,Fatores
Z760,Fatores
Z761,Fatores
Z762,Fatores
Z763,Fatores
Z764,Fatores
Z765,Fatores
Z768,Fatores
Z769,Fatores
Z80,Fatores
Z800,Fatores
Z801,Fatores
Z802,Fatores
Z803,Fatores
Z804,Fatores
Z805,Fatores
Z806,Fatores
Z807,Fatores
Z808,Fatores
Z809,Fatores
Z81,Fatores
Z810,Fatores
Z811,Fatores
Z812,Fatores
Z813,Fatores
Z814,Fatores
Z818,Fatores
Z82,Fatores
Z820,Fatores
Z821,Fatores
Z822,Fatores
Z823,Fatores
Z824,Fatores
Z825,Fatores
Z826,Fatores
Z827,Fatores
Z828,Fatores
Z83,Fatores
Z830,Fatores
Z831,Fatores
Z832,Fatores
Z833,Fatores
Z834,Fatores
Z835,Fatores
Z836,Fatores
Z837,Fatores
Z84,Fatores
Z840,Fatores
Z841,Fatores
Z842,Fatores
Z843,Fatores
Z848,Fatores
Z85,Fatores
Z850,Fatores
Z851,Fatores
Z852,Fatores
Z853,Fatores
Z854,Fatores
Z855,Fatores
Z856,Fatores
Z857,Fatores
Z858,Fatores
Z859,Fatores
Z86,Fatores
Z860,Fatores
Z861,Fatores
Z862,Fatores
Z863,Fatores
Z864,Fatores
Z865,Fatores
Z866,Fatores
Z867,Fatores
Z87,Fatores
Z870,Fatores
Z871,Fatores
Z872,Fatores
Z873,Fatores
Z874,Fatores
Z875,Fatores
Z876,Fatores
Z877,Fatores
Z878,Fatores
Z88,Fatores
Z880,Fatores
Z881,Fatores
Z882,Fatores
Z883,Fatores
Z884,Fatores
Z885,Fatores
Z886,Fatores
Z887,Fatores
Z888,Fatores
Z889,Fatores
Z89,Fatores
Z890,Fatores
Z891,Fatores
Z892,Fatores
Z893,Fatores
Z894,Fatores
Z895,Fatores
Z896,Fatores
Z897,Fatores
Z898,Fatores
Z899,Fatores
Z90,Fatores
Z900,Fatores
Z901,Fatores
Z902,Fatores
Z903,Fatores
Z904,Fatores
Z905,Fatores
Z906,Fatores
Z907,Fatores
Z908,Fatores
Z91,Fatores
Z910,Fatores
Z911,Fatores
Z912,Fatores
Z913,Fatores
Z914,Fatores
Z915,Fatores
Z916,Fatores
Z918,Fatores
Z92,Fatores
Z920,Fatores
Z921,Fatores
Z922,Fatores
Z923,Fatores
Z924,Fatores
Z925,Fatores
Z926,fatores
Z928,Fatores
Z929,Fatores
Z93,Fatores
Z930,Fatores
Z931,Fatores
Z932,Fatores
Z933,Fatores
Z934,Fatores
Z935,Fatores
Z936,Fatores
Z938,Fatores
Z939,Fatores
Z94,Fatores
Z940,Fatores
Z941,Fatores
Z942,Fatores
Z943,Fatores
Z944,Fatores
Z945,Fatores
Z946,Fatores
Z947,Fatores
Z948,Fatores
Z949,Fatores
Z95,Fatores
Z950,Fatores
Z951,Fatores
Z952,Fatores
Z953,Fatores
Z954,Fatores
Z955,Fatores
Z958,Fatores
Z959,Fatores
Z96,Fatores
Z960,Fatores
Z961,Fatores
Z962,Fatores
Z963,Fatores
Z964,Fatores
Z965,Fatores
Z966,Fatores
Z967,Fatores
Z968,Fatores
Z969,Fatores
Z97,Fatores
Z970,Fatores
Z971,Fatores
Z972,Fatores
Z973,Fatores
Z974,Fatores
Z975,Fatores
Z978,Fatores
Z98,Fatores
Z980,Fatores
Z981,Fatores
Z982,Fatores
Z988,Fatores
Z99,Fatores
Z990,Fatores
Z991,Fatores
Z992,Fatores
Z993,Fatores
Z998,Fatores
Z999,Fatores
